gender_cat,observed_citations,expected_citations,oe_ratio,pct_diff_from_expected,baseline,citation_slice,replaceable_edges,edge_coverage,replaceable_targets,target_coverage
MM,3027736.0,2935981.6111871595,1.0312516905634637,3.1251690563463663,network_randomization_bibliographic_coupling,All→CS,3801614,0.43765948361758955,219703,0.31028999077757863
MW,296148.0,319565.58373305295,0.9267205702832672,-7.327942971673284,network_randomization_bibliographic_coupling,All→CS,3801614,0.43765948361758955,219703,0.31028999077757863
WM,375146.0,422807.11960914475,0.8872745575968445,-11.272544240315552,network_randomization_bibliographic_coupling,All→CS,3801614,0.43765948361758955,219703,0.31028999077757863
WW,102584.0,123259.68547064418,0.8322591414078503,-16.77408585921497,network_randomization_bibliographic_coupling,All→CS,3801614,0.43765948361758955,219703,0.31028999077757863
MM,2646431.0,2630211.4800563967,1.0061666219870866,0.6166621987086618,network_randomization_cocitation,All→CS,3258437,0.37512642125698387,58866,0.08313737453340621
MW,247410.0,247415.3331293868,0.9999784446286358,-0.0021555371364168074,network_randomization_cocitation,All→CS,3258437,0.37512642125698387,58866,0.08313737453340621
WM,271908.0,286432.3369712012,0.9492922582527352,-5.070774174726478,network_randomization_cocitation,All→CS,3258437,0.37512642125698387,58866,0.08313737453340621
WW,92688.0,94377.84984301441,0.9820948469813069,-1.790515301869311,network_randomization_cocitation,All→CS,3258437,0.37512642125698387,58866,0.08313737453340621
MM,2531628.0,2459723.4592511356,1.0292327743098226,2.923277430982263,network_randomization_bibliographic_coupling,CS→CS,3192648,0.4545665266604969,209348,0.3242327373651018
MW,253925.0,271999.7427139535,0.9335486771656191,-6.645132283438093,network_randomization_bibliographic_coupling,CS→CS,3192648,0.4545665266604969,209348,0.3242327373651018
WM,320708.0,356858.4665080137,0.8986980276473224,-10.130197235267758,network_randomization_bibliographic_coupling,CS→CS,3192648,0.4545665266604969,209348,0.3242327373651018
WW,86387.0,104066.33152689693,0.8301147809526894,-16.98852190473106,network_randomization_bibliographic_coupling,CS→CS,3192648,0.4545665266604969,209348,0.3242327373651018
MM,2257404.0,2245963.6987629663,1.0050937160041076,0.5093716004107574,network_randomization_cocitation,CS→CS,2795004,0.3979503096746636,58812,0.09108649592982196
MW,218012.0,216717.54897706443,1.005972986631888,0.5972986631888055,network_randomization_cocitation,CS→CS,2795004,0.3979503096746636,58812,0.09108649592982196
WM,239477.0,250667.94712233718,0.9553554921927234,-4.464450780727658,network_randomization_cocitation,CS→CS,2795004,0.3979503096746636,58812,0.09108649592982196
WW,80111.0,81654.80513763192,0.981093517582587,-1.8906482417412995,network_randomization_cocitation,CS→CS,2795004,0.3979503096746636,58812,0.09108649592982196
