citing_year,eligibility_rule,drawing_scheme,MM,MW,WM,WW,eligible_papers
1953,all_prior,uniform,0.9555555555555556,0.0,0.0,0.044444444444444446,45
1953,all_prior,prior_weighted,0.9555555555555556,0.0,0.0,0.044444444444444446,45
1953,age_0_10,uniform,0.9583333333333334,0.0,0.0,0.041666666666666664,72
1953,age_0_10,prior_weighted,0.9583333333333334,0.0,0.0,0.041666666666666664,72
1954,all_prior,uniform,0.9583333333333334,0.0,0.0,0.041666666666666664,72
1954,all_prior,prior_weighted,0.9459459459459459,0.0,0.0,0.05405405405405406,72
1954,age_0_10,uniform,0.9734513274336283,0.0,0.0,0.02654867256637168,113
1954,age_0_10,prior_weighted,0.9652173913043478,0.0,0.0,0.034782608695652174,113
1955,all_prior,uniform,0.9734513274336283,0.0,0.0,0.02654867256637168,113
1955,all_prior,prior_weighted,0.9672131147540983,0.0,0.0,0.03278688524590164,113
1955,age_0_10,uniform,0.9724137931034482,0.0,0.0,0.027586206896551724,145
1955,age_0_10,prior_weighted,0.9675324675324676,0.0,0.0,0.032467532467532464,145
1956,all_prior,uniform,0.9724137931034482,0.0,0.0,0.027586206896551724,145
1956,all_prior,prior_weighted,0.9705882352941176,0.0,0.0,0.029411764705882353,145
1956,age_0_10,uniform,0.9802955665024631,0.0,0.0,0.019704433497536946,203
1956,age_0_10,prior_weighted,0.9780701754385965,0.0,0.0,0.021929824561403508,203
1957,all_prior,uniform,0.9802955665024631,0.0,0.0,0.019704433497536946,203
1957,all_prior,prior_weighted,0.9699248120300752,0.0,0.0,0.03007518796992481,203
1957,age_0_10,uniform,0.9656488549618321,0.003816793893129771,0.0,0.030534351145038167,262
1957,age_0_10,prior_weighted,0.96,0.003076923076923077,0.0,0.036923076923076927,262
1958,all_prior,uniform,0.9656488549618321,0.003816793893129771,0.0,0.030534351145038167,262
1958,all_prior,prior_weighted,0.9637883008356546,0.002785515320334262,0.0,0.033426183844011144,262
1958,age_0_10,uniform,0.9715909090909091,0.005681818181818182,0.0,0.022727272727272728,352
1958,age_0_10,prior_weighted,0.9688195991091314,0.004454342984409799,0.0,0.026726057906458798,352
1959,all_prior,uniform,0.9715909090909091,0.005681818181818182,0.0,0.022727272727272728,352
1959,all_prior,prior_weighted,0.9692898272552783,0.005758157389635317,0.0,0.02495201535508637,352
1959,age_0_10,uniform,0.9665354330708661,0.013779527559055118,0.0,0.01968503937007874,508
1959,age_0_10,prior_weighted,0.96602658788774,0.011816838995568686,0.0,0.022156573116691284,508
1960,all_prior,uniform,0.9665354330708661,0.013779527559055118,0.0,0.01968503937007874,508
1960,all_prior,prior_weighted,0.9651741293532339,0.012437810945273632,0.0,0.022388059701492536,508
1960,age_0_10,uniform,0.9682539682539683,0.014285714285714285,0.0,0.01746031746031746,630
1960,age_0_10,prior_weighted,0.9665226781857451,0.012958963282937365,0.0,0.020518358531317494,630
1961,all_prior,uniform,0.9682539682539683,0.014285714285714285,0.0,0.01746031746031746,630
1961,all_prior,prior_weighted,0.9633113828786454,0.015051740357478834,0.0,0.021636876763875823,630
1961,age_0_10,uniform,0.9664948453608248,0.01288659793814433,0.0,0.020618556701030927,776
1961,age_0_10,prior_weighted,0.9624373956594324,0.014190317195325543,0.0,0.02337228714524207,776
1962,all_prior,uniform,0.9668789808917198,0.012738853503184714,0.0,0.02038216560509554,785
1962,all_prior,prior_weighted,0.9579719813208806,0.02334889926617745,0.0,0.018679119412941963,785
1962,age_0_10,uniform,0.9675456389452333,0.011156186612576065,0.0,0.02129817444219067,986
1962,age_0_10,prior_weighted,0.9596199524940617,0.021377672209026127,0.0,0.019002375296912115,986
1963,all_prior,uniform,0.967098703888335,0.010967098703888335,0.0,0.02193419740777667,1003
1963,all_prior,prior_weighted,0.9567515617491591,0.023065833733781835,0.0,0.020182604517059107,1003
1963,age_0_10,uniform,0.9628064243448858,0.01267962806424345,0.00253592561284869,0.02197802197802198,1183
1963,age_0_10,prior_weighted,0.95508166969147,0.023593466424682397,0.0013611615245009074,0.019963702359346643,1183
1964,all_prior,uniform,0.9625407166123778,0.012214983713355049,0.0024429967426710096,0.02280130293159609,1228
1964,all_prior,prior_weighted,0.9547960308710033,0.02388827636898199,0.001470047776552738,0.019845644983461964,1228
1964,age_0_10,uniform,0.9654676258992806,0.011510791366906475,0.0028776978417266188,0.02014388489208633,1390
1964,age_0_10,prior_weighted,0.9561938958707361,0.0236983842010772,0.0017953321364452424,0.018312387791741474,1390
1965,all_prior,uniform,0.9651162790697675,0.01094391244870041,0.0027359781121751026,0.021203830369357045,1462
1965,all_prior,prior_weighted,0.9541311379006174,0.025286680388121142,0.001470155836518671,0.019112025874742724,1462
1965,age_0_10,uniform,0.9613022113022113,0.012285012285012284,0.003071253071253071,0.02334152334152334,1628
1965,age_0_10,prior_weighted,0.9508050089445438,0.026833631484794274,0.0017889087656529517,0.020572450805008944,1628
1966,all_prior,uniform,0.9620907524411257,0.011487650775416428,0.002871912693854107,0.023549684089603676,1741
1966,all_prior,prior_weighted,0.9501557632398754,0.028037383177570093,0.0014378145219266715,0.020369039060627845,1741
1966,age_0_10,uniform,0.9625527426160337,0.012130801687763712,0.0031645569620253164,0.022151898734177215,1896
1966,age_0_10,prior_weighted,0.9494017946161516,0.02991026919242273,0.001744765702891326,0.018943170488534396,1896
1967,all_prior,uniform,0.9632533072023518,0.011268985791278784,0.002939735423811857,0.02253797158255757,2041
1967,all_prior,prior_weighted,0.9496417197452229,0.028861464968152867,0.0017914012738853504,0.019705414012738853,2041
1967,age_0_10,uniform,0.9594835262689225,0.012021371326803205,0.003561887800534283,0.024933214603739984,2246
1967,age_0_10,prior_weighted,0.9458210835783284,0.03128937421251575,0.0023099538009239817,0.020579588408231837,2246
1968,all_prior,uniform,0.9612086565945284,0.011024908125765618,0.0032666394446712946,0.02449979583503471,2449
1968,all_prior,prior_weighted,0.9494327390599676,0.02901134521880065,0.0019448946515397082,0.019611021069692057,2449
1968,age_0_10,uniform,0.9588888888888889,0.011851851851851851,0.005185185185185185,0.024074074074074074,2700
1968,age_0_10,prior_weighted,0.9471665213600697,0.03068875326939843,0.003138622493461203,0.019006102877070618,2700
1969,all_prior,uniform,0.9594868332207968,0.01114112086428089,0.004726536124240378,0.02464550979068197,2962
1969,all_prior,prior_weighted,0.949487079600052,0.028308011946500455,0.002337358784573432,0.019867549668874173,2962
1969,age_0_10,uniform,0.9574873096446701,0.011421319796954314,0.006027918781725888,0.025063451776649745,3152
1969,age_0_10,prior_weighted,0.9463457076566125,0.02972737819025522,0.0033352668213457075,0.020591647331786544,3152
1970,all_prior,uniform,0.958904109589041,0.010844748858447488,0.005422374429223744,0.02482876712328767,3504
1970,all_prior,prior_weighted,0.9481719983381803,0.028354798504362278,0.0031159119235562942,0.02035729123390112,3504
1970,age_0_10,uniform,0.9584745762711865,0.009887005649717515,0.0062146892655367235,0.025423728813559324,3540
1970,age_0_10,prior_weighted,0.9604947620850688,0.01388362993815474,0.0041650889814464215,0.021456518995330052,3540
1971,all_prior,uniform,0.9594861660079052,0.010375494071146246,0.005434782608695652,0.024703557312252964,4048
1971,all_prior,prior_weighted,0.9482698961937717,0.02759515570934256,0.003373702422145329,0.020761245674740483,4048
1971,age_0_10,uniform,0.9591149591149591,0.00962000962000962,0.006734006734006734,0.024531024531024532,4158
1971,age_0_10,prior_weighted,0.9592435604825562,0.013368112161721553,0.00489077274209325,0.022497554613628953,4158
1972,all_prior,uniform,0.9603174603174603,0.01023391812865497,0.005847953216374269,0.02360066833751044,4788
1972,all_prior,prior_weighted,0.9504893905836965,0.02500535829106237,0.003786525684075159,0.020718725441165965,4788
1972,age_0_10,uniform,0.9571369975389664,0.009639048400328138,0.007383100902378999,0.025840853158326498,4876
1972,age_0_10,prior_weighted,0.9586200568859529,0.012569960546839159,0.005596843747132764,0.023213138820075235,4876
1973,all_prior,uniform,0.9584878996643702,0.010068892421833599,0.006359300476947536,0.025083907436848612,5661
1973,all_prior,prior_weighted,0.9521003947445944,0.022742002003181525,0.004242031461733341,0.020915571790490778,5661
1973,age_0_10,uniform,0.9546165884194053,0.01078073378542862,0.008346374543557642,0.026256303251608416,5751
1973,age_0_10,prior_weighted,0.9575394665215025,0.01228711408352127,0.0065323897659227,0.02364102962905358,5751
1974,all_prior,uniform,0.9564702398578621,0.010808409831211134,0.0071068996150429374,0.02561445069588392,6754
1974,all_prior,prior_weighted,0.9526409897066641,0.021601507756246075,0.004784226550041077,0.02097327598704876,6754
1974,age_0_10,uniform,0.9534321136982159,0.010281221651043242,0.008769277290595706,0.027517387360145147,6614
1974,age_0_10,prior_weighted,0.9575034062155323,0.011678453253746838,0.006877311360539804,0.023940829170181015,6614
1975,all_prior,uniform,0.954858454475899,0.01058403468502933,0.007778627901045652,0.026778882938026015,7842
1975,all_prior,prior_weighted,0.9524295630869742,0.020538995508370763,0.005144957125357288,0.021886484279297673,7842
1975,age_0_10,uniform,0.9491060942189743,0.010961764322067075,0.01070076993344643,0.029231371525512202,7663
1975,age_0_10,prior_weighted,0.9538598047914818,0.012533274179236912,0.007819432120674357,0.02578748890860692,7663
1976,all_prior,uniform,0.9516712328767123,0.010958904109589041,0.009424657534246575,0.027945205479452055,9125
1976,all_prior,prior_weighted,0.9513504155124654,0.01966759002770083,0.006094182825484765,0.02288781163434903,9125
1976,age_0_10,uniform,0.9428959891230455,0.013596193065941536,0.012463176977113076,0.03104464083389984,8826
1976,age_0_10,prior_weighted,0.9504526194144838,0.01434899845916795,0.009293143297380586,0.02590523882896764,8826
1977,all_prior,uniform,0.9460584839594965,0.01324879341345699,0.010882937446768241,0.029809785180278225,10567
1977,all_prior,prior_weighted,0.9477688070185666,0.019499256754787374,0.008569180098516425,0.024162756128129646,10567
1977,age_0_10,uniform,0.9389740566037735,0.015133647798742138,0.014445754716981132,0.031446540880503145,10176
1977,age_0_10,prior_weighted,0.9458106017425291,0.013435387997720056,0.012987541731129386,0.027766468528621448,10176
1978,all_prior,uniform,0.9430302038143571,0.014488008512728166,0.012523532782188753,0.029958254890726038,12217
1978,all_prior,prior_weighted,0.9451038575667656,0.01896636993076162,0.010905044510385757,0.02502472799208704,12217
1978,age_0_10,uniform,0.9353225098727512,0.016673979815708645,0.015445370776656428,0.03255813953488372,11395
1978,age_0_10,prior_weighted,0.9412757098244733,0.013352955956782368,0.016260454431243045,0.029110879787501345,11395
1979,all_prior,uniform,0.9399017624963883,0.01567466050274487,0.013290956370991043,0.03113262062987576,13844
1979,all_prior,prior_weighted,0.9431292574215794,0.018501387604070305,0.012593558153225128,0.02577579682112522,13844
1979,age_0_10,uniform,0.9311459894313432,0.017982490732707627,0.016326208691537187,0.03454531114441202,12679
1979,age_0_10,prior_weighted,0.9361782955552742,0.014150943396226415,0.018772951753830567,0.03089780929466886,12679
1980,all_prior,uniform,0.9365130106770667,0.016686912601496066,0.014129531359887475,0.03267054536154977,15641
1980,all_prior,prior_weighted,0.9406761177753544,0.018593238822246456,0.014122137404580152,0.026608505997818974,15641
1980,age_0_10,uniform,0.9271165992477468,0.019303101270314385,0.017741821020509547,0.035838478461429284,14091
1980,age_0_10,prior_weighted,0.9316337381765265,0.01564336486259585,0.020680584317456764,0.032042312643420834,14091
1981,all_prior,uniform,0.9334470019892015,0.017618641659562374,0.015288434214265416,0.03364592213697073,17595
1981,all_prior,prior_weighted,0.938673480724364,0.018363039027409652,0.015776024886123764,0.027187455362102625,17595
1981,age_0_10,uniform,0.9218276036400405,0.021043983822042468,0.020096056622851365,0.03703235591506572,15824
1981,age_0_10,prior_weighted,0.928083807065015,0.016756448129483903,0.023558324851674403,0.031601419953826676,15824
1982,all_prior,uniform,0.9294987922705314,0.018870772946859904,0.01710950080515298,0.03452093397745572,19872
1982,all_prior,prior_weighted,0.9360827018895008,0.018605164727478505,0.017197355527031315,0.0281147778559894,19872
1982,age_0_10,uniform,0.916056945153423,0.023367931484317397,0.02126935511315297,0.039305768249106685,17631
1982,age_0_10,prior_weighted,0.9213690820825725,0.017881797532623703,0.026188037233331848,0.034561083151471966,17631
1983,all_prior,uniform,0.9255096123823543,0.020562915384272268,0.01797582407779116,0.03595164815558232,22419
1983,all_prior,prior_weighted,0.9336089114264772,0.019466708323820282,0.01833715858157392,0.028587221668128673,22419
1983,age_0_10,uniform,0.9100228368434408,0.02506977924384674,0.02390256280131946,0.041004821111393044,19705
1983,age_0_10,prior_weighted,0.9160084569969682,0.020264879527684698,0.029320248922929632,0.03440641455241743,19705
1984,all_prior,uniform,0.9208389182370101,0.02172199006544193,0.01998738468816526,0.03745170700938264,25366
1984,all_prior,prior_weighted,0.9310614758375952,0.02027972027972028,0.01929861183592527,0.02936019204675921,25366
1984,age_0_10,uniform,0.9061022085495202,0.026309747922310483,0.025758758437026495,0.041829285091142844,21779
1984,age_0_10,prior_weighted,0.9117522123893805,0.021876106194690267,0.031097345132743363,0.03527433628318584,21779
1985,all_prior,uniform,0.9180247432797112,0.022640451407142607,0.021343707286300074,0.03799109802684611,28533
1985,all_prior,prior_weighted,0.9285368061970131,0.021043871121150873,0.020376247222044393,0.030043075459791665,28533
1985,age_0_10,uniform,0.8999751799453959,0.029453131463555885,0.027467527095226277,0.043104161495821955,24174
1985,age_0_10,prior_weighted,0.9092281562558974,0.02509907529722589,0.0292508020381204,0.03642196640875637,24174
1986,all_prior,uniform,0.9134182908545727,0.024831334332833584,0.022644927536231884,0.03910544727636182,32016
1986,all_prior,prior_weighted,0.9259170347608988,0.02181358427757506,0.021205428589718966,0.03106395237180718,32016
1986,age_0_10,uniform,0.8936225532072949,0.032462949894142556,0.029491512832893807,0.04442298406566876,26923
1986,age_0_10,prior_weighted,0.9041830028488421,0.027472992412489777,0.0299692550700928,0.0383747496685753,26923
1987,all_prior,uniform,0.9083166888592987,0.02701952951620062,0.024411895250776743,0.04025188637372392,36048
1987,all_prior,prior_weighted,0.9229360226212199,0.022676937220542964,0.02246799738128735,0.031919042776949756,36048
1987,age_0_10,uniform,0.8888591949223317,0.034073826624352765,0.03136796392183063,0.04569901453148489,29935
1987,age_0_10,prior_weighted,0.902469384162748,0.02849095984107426,0.03045238514346066,0.03858727085271708,29935
1988,all_prior,uniform,0.9037825292578144,0.028640560959952596,0.026023406251543132,0.041553503530689845,40502
1988,all_prior,prior_weighted,0.9205127276240158,0.023523160894556343,0.02335410327005748,0.032610008211370334,40502
1988,age_0_10,uniform,0.881563281343017,0.03628408143826646,0.03449815454220741,0.04765448267650911,33596
1988,age_0_10,prior_weighted,0.8983843823628408,0.03068551553910019,0.030057219791316054,0.04087288230674296,33596
1989,all_prior,uniform,0.8979547290070504,0.030471700172440136,0.028638159474385,0.04293541134612446,45813
1989,all_prior,prior_weighted,0.9169285224112399,0.024926602995732912,0.024720214231537235,0.03342466036148992,45813
1989,age_0_10,uniform,0.8759054618516364,0.03793686882038809,0.038280547771374185,0.04787712155660128,37826
1989,age_0_10,prior_weighted,0.8927554992908746,0.03276254295205551,0.032914838328938975,0.04156711942813086,37826
1990,all_prior,uniform,0.8930520611573447,0.031972130830269015,0.031585059028449776,0.04339074898393652,51670
1990,all_prior,prior_weighted,0.9131969291387276,0.026317881847817446,0.026415061002005424,0.03407012801144947,51670
1990,age_0_10,uniform,0.8705069663973773,0.03980798501346446,0.04104905748741365,0.048635991101744526,42705
1990,age_0_10,prior_weighted,0.8871001940924141,0.03521390941266657,0.03478168680987099,0.04290420968504836,42705
1991,all_prior,uniform,0.8882014191204196,0.033609844719432354,0.03383265348095842,0.04435608267918966,58346
1991,all_prior,prior_weighted,0.9093674564317551,0.02787383937827755,0.028282469031169363,0.034476235158798024,58346
1991,age_0_10,uniform,0.8659471975852302,0.04174161136264963,0.044119167235212635,0.04819202381690752,48369
1991,age_0_10,prior_weighted,0.8818895992645522,0.03733650913041661,0.038088671597509505,0.042685220007521625,48369
1992,all_prior,uniform,0.88395185252562,0.035307137226365894,0.03642896125159178,0.04431204899642229,65964
1992,all_prior,prior_weighted,0.9059758371847888,0.029407281277872375,0.02975756101516257,0.034859320522176274,65964
1992,age_0_10,uniform,0.8620218326899278,0.04383161861135226,0.04615896119248601,0.047987587506233956,54139
1992,age_0_10,prior_weighted,0.8782339522324075,0.040133639090631494,0.039858218025709956,0.04177419065125107,54139
1993,all_prior,uniform,0.8801394387320803,0.037129615867911525,0.03835916282714732,0.04437178257286079,74011
1993,all_prior,prior_weighted,0.9020519567773361,0.031213257936285762,0.03147920049269358,0.03525558479368456,74011
1993,age_0_10,uniform,0.8568044396587426,0.046003478837074466,0.04949888180236892,0.04769319970181397,60365
1993,age_0_10,prior_weighted,0.872648501931308,0.04192504436788809,0.04378327591606639,0.041643177784737445,60365
1994,all_prior,uniform,0.8754107073830691,0.03911383842288365,0.04096202164669501,0.04451343254735215,82784
1994,all_prior,prior_weighted,0.8984356861987981,0.032928548910161316,0.03330979083015428,0.03532597406088629,82784
1994,age_0_10,uniform,0.8517859545773964,0.04812882197269859,0.05230028557331459,0.047784937876590466,66883
1994,age_0_10,prior_weighted,0.8687970865419365,0.04479997775986211,0.04578225051661987,0.04062068518158146,66883
1995,all_prior,uniform,0.8707736669232187,0.04086765168186105,0.043415104770783426,0.044943576624136845,92249
1995,all_prior,prior_weighted,0.8944753526234502,0.03460317595760839,0.03547780157517941,0.035443669843762,92249
1995,age_0_10,uniform,0.8470493613424759,0.0502337881865398,0.0549777117384844,0.047739138732499964,73357
1995,age_0_10,prior_weighted,0.8629445402334496,0.04765330720154144,0.04878623615366486,0.040615916411344176,73357
1996,all_prior,uniform,0.8669251153204436,0.04250662479144175,0.045558936107566984,0.04500932378054765,101890
1996,all_prior,prior_weighted,0.8916342852831327,0.03586222507262233,0.03714301882521598,0.03536047081902893,101890
1996,age_0_10,uniform,0.8417201158960897,0.05217800450707016,0.058183304029122605,0.04791857556771749,80762
1996,age_0_10,prior_weighted,0.8585242094787159,0.0483511015275118,0.05255062804409126,0.04057406094968108,80762
1997,all_prior,uniform,0.8620741634006632,0.04441469080849102,0.04809448651332707,0.045416659277518666,112778
1997,all_prior,prior_weighted,0.8884848403859934,0.037231297073645774,0.038921730589663965,0.035362131950696804,112778
1997,age_0_10,uniform,0.8372975272167106,0.05396208628875579,0.061066596158046604,0.04767379033648706,86987
1997,age_0_10,prior_weighted,0.8527822429546513,0.05051778541235471,0.05607561733259089,0.04062435430040309,86987
1998,all_prior,uniform,0.8581054171577194,0.04606819197789247,0.05032714268297639,0.045499248181411794,123035
1998,all_prior,prior_weighted,0.8854303312251408,0.03862214668992741,0.04051846809687167,0.03542905398806009,123035
1998,age_0_10,uniform,0.8322136217965781,0.055566794075998426,0.06444640822801656,0.04777317589940696,93923
1998,age_0_10,prior_weighted,0.8478841071916332,0.05317128875461962,0.05826233187545867,0.04068227217828853,93923
1999,all_prior,uniform,0.8537771991816998,0.0474539706155849,0.05286962990515157,0.0458992002975637,134425
1999,all_prior,prior_weighted,0.8821763785553681,0.040055689063965075,0.042135887286637204,0.03563204509402957,134425
1999,age_0_10,uniform,0.828684197543046,0.05728945680595984,0.06697913069219004,0.04704721495880408,101345
1999,age_0_10,prior_weighted,0.8432232235983337,0.05586991687120971,0.060985054305396816,0.0399218052250598,101345
2000,all_prior,uniform,0.8502493918101632,0.04894059446309409,0.05504287908234687,0.04576713464439582,147158
2000,all_prior,prior_weighted,0.8790399044749241,0.04159035549079556,0.043724009851023454,0.03564573018325693,147158
2000,age_0_10,uniform,0.8223509933774834,0.05996136865342163,0.06996872700515085,0.047718910963944074,108720
2000,age_0_10,prior_weighted,0.8368362357381831,0.05897004315891295,0.06414378810423217,0.04004993299867181,108720
2001,all_prior,uniform,0.8451275017145707,0.05094457260427707,0.057603341854230314,0.04632458382692188,160390
2001,all_prior,prior_weighted,0.8752698544698545,0.04303922383922384,0.04564379764379765,0.03604712404712405,160390
2001,age_0_10,uniform,0.8164121773361427,0.061615031778650645,0.07411839173148124,0.04785439915372543,115329
2001,age_0_10,prior_weighted,0.8305398056496153,0.06175910275471037,0.0676975867312617,0.04000350486441263,115329
2002,all_prior,uniform,0.8405297250611775,0.05220670793148122,0.060584424931625164,0.046679142075716135,173675
2002,all_prior,prior_weighted,0.8720461065987797,0.04420939911908514,0.04749464581565442,0.036249848466480786,173675
2002,age_0_10,uniform,0.8103470519932912,0.0638788543413753,0.07754644561992001,0.0482276480454135,124016
2002,age_0_10,prior_weighted,0.8272148853412613,0.06234123709400377,0.06946456747944314,0.0409793100852918,124016
2003,all_prior,uniform,0.8359037793451942,0.053958311401200124,0.06326981787556585,0.046868091378039795,189980
2003,all_prior,prior_weighted,0.8684030207804445,0.045793823958576334,0.04935161170804001,0.036451543552939135,189980
2003,age_0_10,uniform,0.8029325210387733,0.06671927896565204,0.08206043530531114,0.04828776469026353,135583
2003,age_0_10,prior_weighted,0.8203441244965067,0.06431220077760343,0.07360246274400056,0.04174121198188924,135583
2004,all_prior,uniform,0.8301955208641468,0.0562706947717969,0.06662881571037339,0.046904968653682835,209594
2004,all_prior,prior_weighted,0.8641548936700435,0.04757837233437332,0.05168860594713259,0.036578128048450585,209594
2004,age_0_10,uniform,0.7964735220388552,0.06916518696469605,0.08664743054104868,0.04771386045540004,153184
2004,age_0_10,prior_weighted,0.8144013096979374,0.06714885736906376,0.0770342140694122,0.04141561886358655,153184
2005,all_prior,uniform,0.8241668361811771,0.058622355573637104,0.07061974505017629,0.04659106319500949,235968
2005,all_prior,prior_weighted,0.8592837019470686,0.049520890828111765,0.054633402027459435,0.03656200519736019,235968
2005,age_0_10,uniform,0.7907026650813445,0.07178029753791723,0.09067656526404315,0.04684047211669518,172415
2005,age_0_10,prior_weighted,0.808195969283908,0.06972028619009436,0.08235675075556652,0.03972699377043114,172415
2006,all_prior,uniform,0.8186115225342321,0.06100565244989874,0.07420351842335943,0.046179306592509746,264664
2006,all_prior,prior_weighted,0.8541447669068244,0.05176882917746705,0.05771024713629823,0.0363761567794103,264664
2006,age_0_10,uniform,0.7844615183483009,0.07458491306053079,0.09474340537224574,0.04621016321892253,198874
2006,age_0_10,prior_weighted,0.8031352665667532,0.0717255152921977,0.08629139323428624,0.03884782490676292,198874
2007,all_prior,uniform,0.8123977603702571,0.06371773217539334,0.07808115332952081,0.04580335412482877,300764
2007,all_prior,prior_weighted,0.848880876132079,0.05412242605846807,0.06097289948808458,0.03602379832136841,300764
2007,age_0_10,uniform,0.7791311732080779,0.076670293412591,0.09867844916805987,0.04552008421127122,226098
2007,age_0_10,prior_weighted,0.7985932336267415,0.07481426866958564,0.08911671382890063,0.03747578387477225,226098
2008,all_prior,uniform,0.8067346167919829,0.06593562246957589,0.08184409636563227,0.04548566437280893,338876
2008,all_prior,prior_weighted,0.8438130448245771,0.05654164829081082,0.06393953326890055,0.03570577361571159,338876
2008,age_0_10,uniform,0.7724129303638375,0.0791591901517195,0.10323259095937858,0.04519528852506441,255801
2008,age_0_10,prior_weighted,0.79206178557523,0.07758878189668698,0.09328622318818681,0.03706320933989621,255801
2009,all_prior,uniform,0.8002433770813756,0.06841218891552017,0.08605042815360736,0.04529400584949688,378836
2009,all_prior,prior_weighted,0.8387371328679348,0.05868665553686025,0.06712944379911956,0.03544676779608535,378836
2009,age_0_10,uniform,0.7672600466829775,0.08127337664163783,0.10646038977474057,0.045006186900644,284472
2009,age_0_10,prior_weighted,0.7848837034173574,0.08048034781037106,0.09800541194543876,0.03663053682683281,284472
2010,all_prior,uniform,0.7950235976863047,0.07042065233219622,0.08926299305079768,0.04529275693070134,418897
2010,all_prior,prior_weighted,0.8345167434635844,0.06048480404492692,0.06973514464142637,0.035263307850062334,418897
2010,age_0_10,uniform,0.7623956125341573,0.08300559286972956,0.10967387695686595,0.044924917639247136,313256
2010,age_0_10,prior_weighted,0.779169252593315,0.08271655288589413,0.10141147264828443,0.03670272187250643,313256
2011,all_prior,uniform,0.7904755285460476,0.07211770276316533,0.09221266077921175,0.045194107911575236,460414
2011,all_prior,prior_weighted,0.8306208942776804,0.062221138552999614,0.0721636965884658,0.0349942705808542,460414
2011,age_0_10,uniform,0.7591275028438915,0.08404174745073269,0.1122057778518603,0.04462497185351546,341961
2011,age_0_10,prior_weighted,0.7766296492685159,0.08406792572707854,0.10317193768812612,0.036130487316279464,341961
2012,all_prior,uniform,0.7865854750960981,0.07347452279382344,0.09477238026797996,0.04516762184209845,502351
2012,all_prior,prior_weighted,0.8271894432678362,0.06373307101090711,0.07433520513312585,0.03474228058813087,502351
2012,age_0_10,uniform,0.7551111481500399,0.08574093838126141,0.11439562773367457,0.0447522857350241,371981
2012,age_0_10,prior_weighted,0.7745345330749729,0.08614667220364254,0.10356598876832544,0.035752805953059116,371981
2013,all_prior,uniform,0.7822987376662219,0.07506744175817731,0.09726824226252437,0.04536557831307637,545656
2013,all_prior,prior_weighted,0.823845175175975,0.06514734374464914,0.07637415151650373,0.034633329562872094,545656
2013,age_0_10,uniform,0.7506947409421512,0.08719903922258926,0.11721334601719312,0.04489287381806651,400509
2013,age_0_10,prior_weighted,0.7726275659008552,0.08642905523734107,0.10652258403257021,0.03442079482923348,400509
2014,all_prior,uniform,0.7781093297250246,0.07650438873543791,0.09985791437266402,0.04552836716687356,590489
2014,all_prior,prior_weighted,0.820543594736667,0.06659991369280918,0.07842896548040354,0.034427526090120265,590489
2014,age_0_10,uniform,0.7462021546528589,0.08839517290221516,0.12005834541045808,0.04534432703446788,426426
2014,age_0_10,prior_weighted,0.769443841142276,0.08679274402777527,0.10954404669372088,0.03421936813622777,426426
2015,all_prior,uniform,0.7738813244866514,0.07780887393478192,0.1024511807804786,0.04585862079808811,636020
2015,all_prior,prior_weighted,0.8173981199554899,0.06790053757781865,0.08038915862405085,0.03431218384264052,636020
2015,age_0_10,uniform,0.7406656344321179,0.08984025759555078,0.12339759030745204,0.0460965176648793,446281
2015,age_0_10,prior_weighted,0.7657941109237163,0.08765036331989971,0.1121974809100307,0.03435804484635327,446281
2016,all_prior,uniform,0.7695460161905697,0.07904298870353786,0.10514343003800665,0.04626756506788577,682249
2016,all_prior,prior_weighted,0.8146301117541881,0.06891559992567049,0.08223381131554314,0.034220477004598265,682249
2016,age_0_10,uniform,0.7346275170685334,0.09141820067409905,0.12695315875896637,0.04700112349840117,462840
2016,age_0_10,prior_weighted,0.7625635237619346,0.08930657618716491,0.11297299941644914,0.0351569006344514,462840
2017,all_prior,uniform,0.7651806725461303,0.08035419736523786,0.10776298137192372,0.04670214871670809,727504
2017,all_prior,prior_weighted,0.8121304242756049,0.06985698511039777,0.08392394162779773,0.034088648986199656,727504
2017,age_0_10,uniform,0.7279220076745059,0.09323103487042643,0.13087387125581473,0.04797308619925291,471431
2017,age_0_10,prior_weighted,0.7602349885880664,0.0902131943689687,0.11430295680626026,0.03524886023670467,471431
2018,all_prior,uniform,0.7608246621643496,0.08173583097533654,0.11031151457857147,0.047127992281742304,772195
2018,all_prior,prior_weighted,0.8098744186965628,0.07070181274454267,0.08543250293121847,0.03399126562767597,772195
2018,age_0_10,uniform,0.7207451905051532,0.0952650741941128,0.13483457337343677,0.04915516192729727,480092
2018,age_0_10,prior_weighted,0.756529879325311,0.09171049421589819,0.11579153404932514,0.035968092409465614,480092
2019,all_prior,uniform,0.7563262545056706,0.08312901114573464,0.11290795244747047,0.047636781901124345,818968
2019,all_prior,prior_weighted,0.807633981827592,0.0715286514382292,0.08691221092861531,0.03392515580556342,818968
2019,age_0_10,uniform,0.7141131529410322,0.09696137282915054,0.13837025591343785,0.0505552183163794,489267
2019,age_0_10,prior_weighted,0.7536575099385119,0.09201590161904893,0.11755093057485178,0.03677565786758738,489267
2020,all_prior,uniform,0.7516999710863803,0.08450264542341174,0.11553813314779468,0.04825925034241328,868103
2020,all_prior,prior_weighted,0.8053582781059345,0.07226190215674425,0.08849752297330736,0.0338822967640139,868103
2020,age_0_10,uniform,0.7065675390566133,0.09882152006831768,0.14253880544532074,0.05207213542974833,497675
2020,age_0_10,prior_weighted,0.7522352579075056,0.09104641531493725,0.11934856472360432,0.037369762053952926,497675
2021,all_prior,uniform,0.7469942350410006,0.08584159236808456,0.11819038766185308,0.048973784929061764,916572
2021,all_prior,prior_weighted,0.8028342426823701,0.07296830437697754,0.09020786547678854,0.033989587463863734,916572
2021,age_0_10,uniform,0.697938671983843,0.1007523224769926,0.1472888131801681,0.05402019235899635,506033
2021,age_0_10,prior_weighted,0.7469847713705766,0.09093731564159226,0.12351338379545841,0.03856452919237269,506033
2022,all_prior,uniform,0.7420231011115974,0.08711082966784521,0.12105061115612134,0.04981545806443602,966447
2022,all_prior,prior_weighted,0.7998864094113256,0.07372007618916047,0.09212254304288224,0.03427097135663164,966447
2022,age_0_10,uniform,0.6890749723028018,0.10288285748959643,0.15240701375268653,0.05563515645491522,510882
2022,age_0_10,prior_weighted,0.7414337279821951,0.09154592166253658,0.12704980031819824,0.03997055003707005,510882
2023,all_prior,uniform,0.7374197247819603,0.08830249310869268,0.1238323268192015,0.050445455290145505,1013233
2023,all_prior,prior_weighted,0.7968238942910185,0.07446231075784875,0.0940901586166846,0.034623636334448135,1013233
2023,age_0_10,uniform,0.6806058979265917,0.10504535158339497,0.15721367286996252,0.057135077620050864,517843
2023,age_0_10,prior_weighted,0.733578737148572,0.09208271189529556,0.13235457679902124,0.04198397415711115,517843
2024,all_prior,uniform,0.7327820712572367,0.0896644002486133,0.1264571005708515,0.05109642792329847,1063499
2024,all_prior,prior_weighted,0.7933096219922251,0.07531691388583384,0.09630591304849975,0.03506755107344128,1063499
2024,age_0_10,uniform,0.674617111519453,0.10638982712467965,0.160511658796351,0.05848140255951629,490874
2024,age_0_10,prior_weighted,0.7279600525087391,0.09308131408012901,0.1358031730767185,0.043155460334413434,490874
