gender_cat,observed_citations,expected_citations,oe_ratio,pct_diff_from_expected,baseline,citation_slice,eligibility_rule,drawing_scheme,n_edges
MM,6942653.0,6732932.286685867,1.0311484958387074,3.114849583870738,random_draw_age_0_10_prior_weighted,All→CS,age_0_10,prior_weighted,8686237
MW,641435.0,715229.533982413,0.8968239838034603,-10.31760161965397,random_draw_age_0_10_prior_weighted,All→CS,age_0_10,prior_weighted,8686237
WM,812529.0,911290.1430797833,0.8916249189901126,-10.837508100988735,random_draw_age_0_10_prior_weighted,All→CS,age_0_10,prior_weighted,8686237
WW,289620.0,326785.0362519534,0.8862706913443279,-11.37293086556721,random_draw_age_0_10_prior_weighted,All→CS,age_0_10,prior_weighted,8686237
MM,6942653.0,6465236.548677917,1.073843616970165,7.384361697016506,random_draw_age_0_10_uniform,All→CS,age_0_10,uniform,8686237
MW,641435.0,754325.3861775331,0.8503425865731583,-14.965741342684169,random_draw_age_0_10_uniform,All→CS,age_0_10,uniform,8686237
WM,812529.0,1041432.483985188,0.7802032416837464,-21.979675831625357,random_draw_age_0_10_uniform,All→CS,age_0_10,uniform,8686237
WW,289620.0,425242.5811593437,0.6810700828934056,-31.892991710659434,random_draw_age_0_10_uniform,All→CS,age_0_10,uniform,8686237
MM,6942653.0,7183908.979958404,0.9664171719559007,-3.358282804409929,random_draw_all_prior_prior_weighted,All→CS,all_prior,prior_weighted,8686237
MW,641435.0,549294.0367284511,1.1677443356573332,16.774433565733315,random_draw_all_prior_prior_weighted,All→CS,all_prior,prior_weighted,8686237
WM,812529.0,652295.9947648303,1.2456446253252527,24.564462532525265,random_draw_all_prior_prior_weighted,All→CS,all_prior,prior_weighted,8686237
WW,289620.0,300737.9885482706,0.9630309805490832,-3.6969019450916796,random_draw_all_prior_prior_weighted,All→CS,all_prior,prior_weighted,8686237
MM,6942653.0,6798112.697205768,1.0212618279855294,2.1261827985529447,random_draw_all_prior_uniform,All→CS,all_prior,uniform,8686237
MW,641435.0,640269.4631969476,1.0018203848067855,0.182038480678548,random_draw_all_prior_uniform,All→CS,all_prior,uniform,8686237
WM,812529.0,841354.7808930401,0.9657388517333395,-3.426114826666049,random_draw_all_prior_uniform,All→CS,all_prior,uniform,8686237
WW,289620.0,406500.0587042439,0.7124722218323664,-28.752777816763363,random_draw_all_prior_uniform,All→CS,all_prior,uniform,8686237
MM,5601920.0,5454691.124024133,1.0269912397656076,2.6991239765607578,random_draw_age_0_10_prior_weighted,CS→CS,age_0_10,prior_weighted,7023500
MW,529022.0,574642.9091448411,0.9206099850553586,-7.939001494464137,random_draw_age_0_10_prior_weighted,CS→CS,age_0_10,prior_weighted,7023500
WM,662200.0,730049.2893783904,0.9070620431174428,-9.293795688255724,random_draw_age_0_10_prior_weighted,CS→CS,age_0_10,prior_weighted,7023500
WW,230358.0,264116.67745262926,0.8721827119051047,-12.781728809489534,random_draw_age_0_10_prior_weighted,CS→CS,age_0_10,prior_weighted,7023500
MM,5601920.0,5242431.321756243,1.0685728922669657,6.857289226696572,random_draw_age_0_10_uniform,CS→CS,age_0_10,uniform,7023500
MW,529022.0,605203.039184692,0.8741231714775914,-12.587682852240857,random_draw_age_0_10_uniform,CS→CS,age_0_10,uniform,7023500
WM,662200.0,833124.8186008107,0.7948388827404398,-20.516111725956023,random_draw_age_0_10_uniform,CS→CS,age_0_10,uniform,7023500
WW,230358.0,342740.82045824523,0.6721055277046103,-32.78944722953897,random_draw_age_0_10_uniform,CS→CS,age_0_10,uniform,7023500
MM,5601920.0,5817397.775854003,0.9629597658340683,-3.704023416593172,random_draw_all_prior_prior_weighted,CS→CS,all_prior,prior_weighted,7023500
MW,529022.0,440632.8010419099,1.2005960490210603,20.05960490210603,random_draw_all_prior_prior_weighted,CS→CS,all_prior,prior_weighted,7023500
WM,662200.0,522175.1831387117,1.268156782211712,26.81567822117119,random_draw_all_prior_prior_weighted,CS→CS,all_prior,prior_weighted,7023500
WW,230358.0,243294.23996534257,0.9468288276484255,-5.317117235157454,random_draw_all_prior_prior_weighted,CS→CS,all_prior,prior_weighted,7023500
MM,5601920.0,5508732.287963285,1.0169163624524524,1.6916362452452427,random_draw_all_prior_uniform,CS→CS,all_prior,uniform,7023500
MW,529022.0,513535.21651614405,1.030157198544083,3.015719854408294,random_draw_all_prior_uniform,CS→CS,all_prior,uniform,7023500
WM,662200.0,673111.5160653621,0.9837894378495485,-1.6210562150451469,random_draw_all_prior_uniform,CS→CS,all_prior,uniform,7023500
WW,230358.0,328120.9794551568,0.7020520308774778,-29.79479691225222,random_draw_all_prior_uniform,CS→CS,all_prior,uniform,7023500
