decade,cited_gender,observed,paper_share,total_edges_decade,expected,oe_ratio
1950,MM,10063,0.9665354330708661,10809,10447.281496062991,0.963217082242131
1950,MW,656,0.013779527559055118,10809,148.94291338582676,4.404372018027305
1950,WW,90,0.01968503937007874,10809,212.7755905511811,0.4229808492922565
1960,MM,63099,0.9576101468624834,64953,62199.65186915888,1.0144590540913792
1960,MW,1055,0.01034712950600801,64953,672.0771028037383,1.5697603676703205
1960,WM,165,0.006341789052069426,64953,411.9182242990654,0.40056494291013667
1960,WW,634,0.02570093457943925,64953,1669.3528037383178,0.379787902581307
1970,MM,219780,0.9300486116832826,233176,216865.01507786108,1.013441471512094
1970,MW,4058,0.018373568427123673,233176,4284.27519156299,0.9471847205313532
1970,WM,4393,0.016643322072999917,233176,3880.8232676938287,1.1319763094005906
1970,WW,4945,0.034934497816593885,233176,8145.886462882096,0.607054864136961
1980,MM,583875,0.8741846845596603,646723,565355.3417524771,1.0327575541961203
1980,MW,20387,0.03860778817064032,646723,24968.54458908102,0.8165073429596464
1980,WM,20004,0.039162896555552475,646723,25327.545949096562,0.7898120110098368
1980,WW,22457,0.048044630714146934,646723,31071.567709345247,0.722750786509099
1990,MM,1295454,0.8270882205093834,1521132,1258110.3590398794,1.0296823253157372
1990,MW,81422,0.058122486595174265,1521132,88411.97427949062,0.9209386020790159
1990,WM,94995,0.0677362600536193,1521132,103035.79272788203,0.9219611698517447
1990,WW,49261,0.04705303284182306,1521132,71573.87395274799,0.6882539295346983
2000,MM,2374382,0.765116527255933,3025705,2315016.9021009128,1.0256434835725012
2000,MW,250081,0.08205299938543971,3025705,248268.17050552185,1.0073019005649693
2000,WM,305042,0.10779461174141364,3025705,326154.69571905397,0.9352678468341287
2000,WW,96200,0.045035861617213575,3025705,136265.2316745112,0.7059761233135928
2010,MM,2125381,0.711299492882998,2779044,1976732.5878995382,1.075199049689576
2010,MW,240728,0.0976344928607365,2779044,271330.5515776726,0.8872130270633672
2010,WM,318173,0.14004042688655094,2779044,389178.50809650804,0.8175502844599523
2010,WW,94762,0.05102558736971456,2779044,141802.35242628102,0.6682681801718632
2020,MM,270619,0.6473975429053738,404695,261998.54862609023,1.032902668427421
2020,MW,43048,0.11273562787208102,404695,45623.54492169183,0.9435478999689199
2020,WM,69757,0.1756400637719216,404695,71080.65560817781,0.981378117620717
2020,WW,21271,0.06422676545062365,404695,25992.25084404014,0.8183592920686708
