baseline_id,baseline_label,MM,MW,WM,WW
D0,D0: global paper share,1.0932,0.8199,0.7343,0.6486
D1,D1: decade,1.041388730398852,0.9381708623154486,0.8840774406788616,0.6949768735357973
D2,D2: decade × subfield,1.0413587660653756,0.9354473747308218,0.8765108357892755,0.7122675068648976
D3,D3: decade × venue rank,1.0309392142187004,0.9487460213417748,0.9071446364652082,0.7618546322312869
R1_taxonomy_weighted,R1: taxonomy-weighted relevance,1.0371002727426517,0.9577289329289214,0.8931894987977665,0.7067121275372918
N1,N1: bibliographic-coupling neighborhood,1.0499678081762784,0.8806053150256846,0.8272566036667277,0.7987713401583209
N2,N2: co-citation neighborhood,1.0115194055764225,0.9846552793910254,0.9188149249641362,0.9673532357029426
M1,M1: structural GLM,1.0658349363270518,0.8622934504534092,0.7870511461913113,0.7310341035874635
M2,M2: direct-citation GLM,1.0660746860337225,0.8613390009807618,0.7863235145561056,0.7316152615974955
M3,M3: bibliographic-coupling GLM,1.0640388164063703,0.8634766751849516,0.7898535329374464,0.7428721280420932
M4,M4: co-citation GLM,1.029771182806217,0.907210180497525,0.899020123789288,0.8685189666742448
M5,M5: combined-network GLM,1.0298760088412031,0.9059542774324753,0.8988642290936472,0.8696943549120735
RD_0_10_uniform,"Random draw: 0–10 years, uniform",1.073843616970165,0.8503425865731583,0.7802032416837464,0.6810700828934056
RD_0_10_prior,"Random draw: 0–10 years, prior-weighted",1.0311484958387074,0.8968239838034603,0.8916249189901126,0.8862706913443279
RD_all_prior_uniform,"Random draw: all prior, uniform",1.0212618279855294,1.0018203848067857,0.9657388517333396,0.7124722218323664
RD_all_prior_prior,"Random draw: all prior, prior-weighted",0.9664171719559008,1.1677443356573332,1.2456446253252529,0.9630309805490832
NR_BC,Network randomization: bibliographic coupling,1.0312516905634637,0.9267205702832672,0.8872745575968445,0.8322591414078503
NR_CO,Network randomization: co-citation,1.0061666219870866,0.9999784446286358,0.9492922582527352,0.9820948469813068
NR_BC_prior,BC randomization × prior citation,1.014375303014618,0.94655946729767,0.9568209267441607,0.9172181493150776
