baseline_id,baseline_label,baseline_family,gender_cat,All→CS,CS→CS,cs_minus_all,abs_slice_difference
D0,D0: global paper share,Direct structural,MM,1.0932,1.0909,-0.0022999999999999687,0.0022999999999999687
D0,D0: global paper share,Direct structural,MW,0.8199,0.8363,0.01640000000000008,0.01640000000000008
D0,D0: global paper share,Direct structural,WM,0.7343,0.7401,0.005800000000000027,0.005800000000000027
D0,D0: global paper share,Direct structural,WW,0.6486,0.638,-0.010599999999999943,0.010599999999999943
D1,D1: decade,Direct structural,MM,1.041388730398852,1.0386836590340145,-0.0027050713648375524,0.0027050713648375524
D1,D1: decade,Direct structural,MW,0.9381708623154486,0.958330097849173,0.02015923553372445,0.02015923553372445
D1,D1: decade,Direct structural,WM,0.8840774406788616,0.893053902495087,0.008976461816225356,0.008976461816225356
D1,D1: decade,Direct structural,WW,0.6949768735357973,0.6841909812965704,-0.01078589223922688,0.01078589223922688
D2,D2: decade × subfield,Direct structural,MM,1.0413587660653756,1.03860630327905,-0.0027524627863255713,0.0027524627863255713
D2,D2: decade × subfield,Direct structural,MW,0.9354473747308218,0.954989327253284,0.019541952522462158,0.019541952522462158
D2,D2: decade × subfield,Direct structural,WM,0.8765108357892755,0.8855495885749746,0.0090387527856991,0.0090387527856991
D2,D2: decade × subfield,Direct structural,WW,0.7122675068648976,0.7021605328251525,-0.010106974039745142,0.010106974039745142
D3,D3: decade × venue rank,Direct structural,MM,1.0309392142187004,1.0283217698223763,-0.0026174443963240535,0.0026174443963240535
D3,D3: decade × venue rank,Direct structural,MW,0.9487460213417748,0.9678472068388732,0.019101185497098383,0.019101185497098383
D3,D3: decade × venue rank,Direct structural,WM,0.9071446364652082,0.9163769994238804,0.009232362958672247,0.009232362958672247
D3,D3: decade × venue rank,Direct structural,WW,0.7618546322312869,0.7512286490528918,-0.010625983178395138,0.010625983178395138
R1_taxonomy_weighted,R1: taxonomy-weighted relevance,Topical relevance,MM,1.0371002727426517,1.0352855202189488,-0.0018147525237028894,0.0018147525237028894
R1_taxonomy_weighted,R1: taxonomy-weighted relevance,Topical relevance,MW,0.9577289329289214,0.964821435770763,0.007092502841841597,0.007092502841841597
R1_taxonomy_weighted,R1: taxonomy-weighted relevance,Topical relevance,WM,0.8931894987977665,0.8989814480480116,0.005791949250245065,0.005791949250245065
R1_taxonomy_weighted,R1: taxonomy-weighted relevance,Topical relevance,WW,0.7067121275372918,0.713076462543355,0.006364335006063149,0.006364335006063149
N1,N1: bibliographic-coupling neighborhood,Network neighborhood,MM,1.0499678081762784,1.0471216553644704,-0.0028461528118080004,0.0028461528118080004
N1,N1: bibliographic-coupling neighborhood,Network neighborhood,MW,0.8806053150256846,0.8916727867115088,0.011067471685824226,0.011067471685824226
N1,N1: bibliographic-coupling neighborhood,Network neighborhood,WM,0.8272566036667277,0.8404316470412281,0.013175043374500373,0.013175043374500373
N1,N1: bibliographic-coupling neighborhood,Network neighborhood,WW,0.7987713401583209,0.7956825498595361,-0.003088790298784727,0.003088790298784727
N2,N2: co-citation neighborhood,Network neighborhood,MM,1.0115194055764225,1.0095496669754662,-0.0019697386009562834,0.0019697386009562834
N2,N2: co-citation neighborhood,Network neighborhood,MW,0.9846552793910254,0.992165395359991,0.007510115968965669,0.007510115968965669
N2,N2: co-citation neighborhood,Network neighborhood,WM,0.9188149249641362,0.9314726106490409,0.012657685684904663,0.012657685684904663
N2,N2: co-citation neighborhood,Network neighborhood,WW,0.9673532357029426,0.9691441222652908,0.0017908865623481596,0.0017908865623481596
M1,M1: structural GLM,GLM,MM,1.0658349363270518,1.066425281903717,0.0005903455766651522,0.0005903455766651522
M1,M1: structural GLM,GLM,MW,0.8622934504534092,0.8733989762434019,0.011105525789992687,0.011105525789992687
M1,M1: structural GLM,GLM,WM,0.7870511461913113,0.7859408414039645,-0.0011103047873468608,0.0011103047873468608
M1,M1: structural GLM,GLM,WW,0.7310341035874635,0.7148439571019256,-0.01619014648553785,0.01619014648553785
M2,M2: direct-citation GLM,GLM,MM,1.0660746860337225,1.066924114174153,0.0008494281404305415,0.0008494281404305415
M2,M2: direct-citation GLM,GLM,MW,0.8613390009807618,0.8714467725586039,0.01010777157784215,0.01010777157784215
M2,M2: direct-citation GLM,GLM,WM,0.7863235145561056,0.7843282192074837,-0.0019952953486218616,0.0019952953486218616
M2,M2: direct-citation GLM,GLM,WW,0.7316152615974955,0.7162514379176648,-0.01536382367983069,0.01536382367983069
M3,M3: bibliographic-coupling GLM,GLM,MM,1.0640388164063703,1.0643043406760555,0.00026552426968518006,0.00026552426968518006
M3,M3: bibliographic-coupling GLM,GLM,MW,0.8634766751849516,0.8747834003187389,0.011306725133787277,0.011306725133787277
M3,M3: bibliographic-coupling GLM,GLM,WM,0.7898535329374464,0.7891431110498462,-0.0007104218876001767,0.0007104218876001767
M3,M3: bibliographic-coupling GLM,GLM,WW,0.7428721280420932,0.7286148222118803,-0.014257305830212896,0.014257305830212896
M4,M4: co-citation GLM,GLM,MM,1.029771182806217,1.0288787762345508,-0.0008924065716662266,0.0008924065716662266
M4,M4: co-citation GLM,GLM,MW,0.907210180497525,0.9199369213661928,0.012726740868667763,0.012726740868667763
M4,M4: co-citation GLM,GLM,WM,0.899020123789288,0.9018611368659852,0.002841013076697263,0.002841013076697263
M4,M4: co-citation GLM,GLM,WW,0.8685189666742448,0.8547825725608224,-0.013736394113422423,0.013736394113422423
M5,M5: combined-network GLM,GLM,MM,1.0298760088412031,1.0292444380965189,-0.0006315707446842289,0.0006315707446842289
M5,M5: combined-network GLM,GLM,MW,0.9059542774324753,0.917058894116011,0.011104616683535795,0.011104616683535795
M5,M5: combined-network GLM,GLM,WM,0.8988642290936472,0.9008179245250236,0.0019536954313764676,0.0019536954313764676
M5,M5: combined-network GLM,GLM,WW,0.8696943549120735,0.8570746799202533,-0.012619674991820151,0.012619674991820151
RD_0_10_uniform,"Random draw: 0–10 years, uniform",Randomized reference drawing,MM,1.073843616970165,1.0685728922669655,-0.0052707247031995585,0.0052707247031995585
RD_0_10_uniform,"Random draw: 0–10 years, uniform",Randomized reference drawing,MW,0.8503425865731583,0.8741231714775914,0.023780584904433133,0.023780584904433133
RD_0_10_uniform,"Random draw: 0–10 years, uniform",Randomized reference drawing,WM,0.7802032416837464,0.7948388827404398,0.01463564105669335,0.01463564105669335
RD_0_10_uniform,"Random draw: 0–10 years, uniform",Randomized reference drawing,WW,0.6810700828934056,0.6721055277046103,-0.008964555188795353,0.008964555188795353
RD_0_10_prior,"Random draw: 0–10 years, prior-weighted",Randomized reference drawing,MM,1.0311484958387074,1.0269912397656076,-0.004157256073099802,0.004157256073099802
RD_0_10_prior,"Random draw: 0–10 years, prior-weighted",Randomized reference drawing,MW,0.8968239838034603,0.9206099850553586,0.023786001251898337,0.023786001251898337
RD_0_10_prior,"Random draw: 0–10 years, prior-weighted",Randomized reference drawing,WM,0.8916249189901126,0.9070620431174428,0.015437124127330115,0.015437124127330115
RD_0_10_prior,"Random draw: 0–10 years, prior-weighted",Randomized reference drawing,WW,0.8862706913443279,0.8721827119051047,-0.014087979439223242,0.014087979439223242
RD_all_prior_uniform,"Random draw: all prior, uniform",Randomized reference drawing,MM,1.0212618279855294,1.0169163624524524,-0.00434546553307702,0.00434546553307702
RD_all_prior_uniform,"Random draw: all prior, uniform",Randomized reference drawing,MW,1.0018203848067857,1.030157198544083,0.02833681373729724,0.02833681373729724
RD_all_prior_uniform,"Random draw: all prior, uniform",Randomized reference drawing,WM,0.9657388517333396,0.9837894378495484,0.0180505861162088,0.0180505861162088
RD_all_prior_uniform,"Random draw: all prior, uniform",Randomized reference drawing,WW,0.7124722218323664,0.7020520308774778,-0.010420190954888553,0.010420190954888553
RD_all_prior_prior,"Random draw: all prior, prior-weighted",Randomized reference drawing,MM,0.9664171719559008,0.9629597658340684,-0.0034574061218324292,0.0034574061218324292
RD_all_prior_prior,"Random draw: all prior, prior-weighted",Randomized reference drawing,MW,1.1677443356573332,1.2005960490210603,0.032851713363727164,0.032851713363727164
RD_all_prior_prior,"Random draw: all prior, prior-weighted",Randomized reference drawing,WM,1.2456446253252529,1.268156782211712,0.022512156886459023,0.022512156886459023
RD_all_prior_prior,"Random draw: all prior, prior-weighted",Randomized reference drawing,WW,0.9630309805490832,0.9468288276484256,-0.01620215290065763,0.01620215290065763
NR_BC,Network randomization: bibliographic coupling,Network-conditioned randomization,MM,1.0312516905634637,1.0292327743098226,-0.0020189162536410343,0.0020189162536410343
NR_BC,Network randomization: bibliographic coupling,Network-conditioned randomization,MW,0.9267205702832672,0.9335486771656192,0.006828106882352025,0.006828106882352025
NR_BC,Network randomization: bibliographic coupling,Network-conditioned randomization,WM,0.8872745575968445,0.8986980276473224,0.011423470050477946,0.011423470050477946
NR_BC,Network randomization: bibliographic coupling,Network-conditioned randomization,WW,0.8322591414078503,0.8301147809526894,-0.0021443604551608653,0.0021443604551608653
NR_CO,Network randomization: co-citation,Network-conditioned randomization,MM,1.0061666219870866,1.0050937160041076,-0.0010729059829790444,0.0010729059829790444
NR_CO,Network randomization: co-citation,Network-conditioned randomization,MW,0.9999784446286358,1.005972986631888,0.005994542003252223,0.005994542003252223
NR_CO,Network randomization: co-citation,Network-conditioned randomization,WM,0.9492922582527352,0.9553554921927234,0.0060632339399882,0.0060632339399882
NR_CO,Network randomization: co-citation,Network-conditioned randomization,WW,0.9820948469813068,0.981093517582587,-0.0010013293987197747,0.0010013293987197747
NR_BC_prior,BC randomization × prior citation,Network-conditioned randomization,MM,1.014375303014618,1.0133724480732662,-0.0010028549413518828,0.0010028549413518828
NR_BC_prior,BC randomization × prior citation,Network-conditioned randomization,MW,0.94655946729767,0.9481914199630064,0.0016319526653363337,0.0016319526653363337
NR_BC_prior,BC randomization × prior citation,Network-conditioned randomization,WM,0.9568209267441607,0.9660845721542916,0.009263645410130805,0.009263645410130805
NR_BC_prior,BC randomization × prior citation,Network-conditioned randomization,WW,0.9172181493150776,0.9125911539434274,-0.004626995371650233,0.004626995371650233
