citation_slice,baseline_family,gender_cat,n_variants,min_oe,median_oe,max_oe,mean_abs_deviation,all_below_1,all_above_1,crosses_parity,contains_near_parity
All→CS,Direct structural,MM,4,1.0309392142187004,1.0413737482321137,1.0932,0.05172167767073199,False,True,False,False
All→CS,Direct structural,MW,4,0.8199,0.9368091185231352,0.9487460213417748,0.08943393540298872,True,False,False,False
All→CS,Direct structural,WM,4,0.7343,0.8802941382340685,0.9071446364652082,0.1494917717666637,True,False,False,False
All→CS,Direct structural,WW,4,0.6486,0.7036221902003474,0.7618546322312869,0.29557524684200454,True,False,False,False
All→CS,GLM,MM,5,1.029771182806217,1.0640388164063703,1.0660746860337225,0.051119126082912955,False,True,False,False
All→CS,GLM,MW,5,0.8613390009807618,0.8634766751849516,0.907210180497525,0.11994528309017542,True,False,False,False
All→CS,GLM,WM,5,0.7863235145561056,0.7898535329374464,0.899020123789288,0.1677774906864403,True,False,False,False
All→CS,GLM,WW,5,0.7310341035874635,0.7428721280420932,0.8696943549120735,0.21125303703732592,True,False,False,False
All→CS,Network neighborhood,MM,2,1.0115194055764225,1.0307436068763505,1.0499678081762784,0.03074360687635047,False,True,False,False
All→CS,Network neighborhood,MW,2,0.8806053150256846,0.932630297208355,0.9846552793910254,0.067369702791645,True,False,False,False
All→CS,Network neighborhood,WM,2,0.8272566036667277,0.873035764315432,0.9188149249641362,0.12696423568456805,True,False,False,False
All→CS,Network neighborhood,WW,2,0.7987713401583209,0.8830622879306318,0.9673532357029426,0.11693771206936826,True,False,False,False
All→CS,Network-conditioned randomization,MM,3,1.0061666219870866,1.014375303014618,1.0312516905634637,0.01726453852172279,False,True,False,True
All→CS,Network-conditioned randomization,MW,3,0.9267205702832672,0.94655946729767,0.9999784446286358,0.04224717259680899,True,False,False,True
All→CS,Network-conditioned randomization,WM,3,0.8872745575968445,0.9492922582527352,0.9568209267441607,0.06887075246875318,True,False,False,False
All→CS,Network-conditioned randomization,WW,3,0.8322591414078503,0.9172181493150776,0.9820948469813068,0.08947595409858844,True,False,False,False
All→CS,Randomized reference drawing,MM,4,0.9664171719559008,1.0262051619121184,1.073843616970165,0.039959192209625266,False,False,True,True
All→CS,Randomized reference drawing,MW,4,0.8503425865731583,0.9493221843051229,1.1677443356573332,0.10559953752187506,False,False,True,True
All→CS,Randomized reference drawing,WM,4,0.7802032416837464,0.9286818853617261,1.2456446253252529,0.15201940322951354,False,False,True,True
All→CS,Randomized reference drawing,WW,4,0.6810700828934056,0.7993714565883472,0.9630309805490832,0.18928900584520422,True,False,False,False
All→CS,Topical relevance,MM,1,1.0371002727426517,1.0371002727426517,1.0371002727426517,0.03710027274265171,False,True,False,False
All→CS,Topical relevance,MW,1,0.9577289329289214,0.9577289329289214,0.9577289329289214,0.04227106707107864,True,False,False,False
All→CS,Topical relevance,WM,1,0.8931894987977665,0.8931894987977665,0.8931894987977665,0.10681050120223345,True,False,False,False
All→CS,Topical relevance,WW,1,0.7067121275372918,0.7067121275372918,0.7067121275372918,0.29328787246270815,True,False,False,False
CS→CS,Direct structural,MM,4,1.0283217698223763,1.0386449811565321,1.0909,0.049127933033860205,False,True,False,False
CS→CS,Direct structural,MW,4,0.8363,0.9566597125512285,0.9678472068388732,0.07063334201466745,True,False,False,False
CS→CS,Direct structural,WM,4,0.7401,0.8893017455350307,0.9163769994238804,0.14122987737651452,True,False,False,False
CS→CS,Direct structural,WW,4,0.638,0.6931757570608614,0.7512286490528918,0.30610495920634634,True,False,False,False
CS→CS,GLM,MM,5,1.0288787762345508,1.0643043406760555,1.066924114174153,0.05115539021699904,False,True,False,False
CS→CS,GLM,MW,5,0.8714467725586039,0.8747834003187389,0.9199369213661928,0.10867500707941029,True,False,False,False
CS→CS,GLM,WM,5,0.7843282192074837,0.7891431110498462,0.9018611368659852,0.16758175338953935,True,False,False,False
CS→CS,GLM,WW,5,0.7148439571019256,0.7286148222118803,0.8570746799202533,0.22568650605749072,True,False,False,False
CS→CS,Network neighborhood,MM,2,1.0095496669754662,1.0283356611699683,1.0471216553644704,0.02833566116996833,False,True,False,True
CS→CS,Network neighborhood,MW,2,0.8916727867115088,0.94191909103575,0.992165395359991,0.058080908964250055,True,False,False,True
CS→CS,Network neighborhood,WM,2,0.8404316470412281,0.8859521288451344,0.9314726106490409,0.11404787115486553,True,False,False,False
CS→CS,Network neighborhood,WW,2,0.7956825498595361,0.8824133360624135,0.9691441222652908,0.11758666393758654,True,False,False,False
CS→CS,Network-conditioned randomization,MM,3,1.0050937160041076,1.0133724480732662,1.0292327743098226,0.01589964612906547,False,True,False,True
CS→CS,Network-conditioned randomization,MW,3,0.9335486771656192,0.9481914199630064,1.005972986631888,0.04141096316775417,False,False,True,True
CS→CS,Network-conditioned randomization,WM,3,0.8986980276473224,0.9553554921927234,0.9660845721542916,0.05995396933522087,True,False,False,False
CS→CS,Network-conditioned randomization,WW,3,0.8301147809526894,0.9125911539434274,0.981093517582587,0.0920668491737654,True,False,False,False
CS→CS,Randomized reference drawing,MM,4,0.9629597658340684,1.0219538011090301,1.0685728922669655,0.03738018216273928,False,False,True,True
CS→CS,Randomized reference drawing,MW,4,0.8741231714775914,0.9753835917997208,1.2005960490210603,0.1090050227580483,False,False,True,True
CS→CS,Randomized reference drawing,WM,4,0.7948388827404398,0.9454257404834956,1.268156782211712,0.14561660462607023,False,False,True,True
CS→CS,Randomized reference drawing,WW,4,0.6721055277046103,0.7871173713912912,0.9468288276484256,0.20170772546609542,True,False,False,False
CS→CS,Topical relevance,MM,1,1.0352855202189488,1.0352855202189488,1.0352855202189488,0.03528552021894882,False,True,False,False
CS→CS,Topical relevance,MW,1,0.964821435770763,0.964821435770763,0.964821435770763,0.03517856422923704,True,False,False,False
CS→CS,Topical relevance,WM,1,0.8989814480480116,0.8989814480480116,0.8989814480480116,0.10101855195198839,True,False,False,False
CS→CS,Topical relevance,WW,1,0.713076462543355,0.713076462543355,0.713076462543355,0.286923537456645,True,False,False,False
