citation_slice,baseline_family,n_specification_gender_cells,mean_abs_deviation_from_1,median_abs_deviation_from_1,min_oe,max_oe
All→CS,Direct structural,16,0.14655565792059724,0.10456127966056916,0.6486,1.0932
All→CS,GLM,20,0.13752373422421366,0.13089333920684088,0.7310341035874635,1.0660746860337225
All→CS,Network neighborhood,8,0.08550381435548295,0.06557644160607112,0.7987713401583209,1.0499678081762784
All→CS,Network-conditioned randomization,12,0.05446460442146835,0.046943407501552015,0.8322591414078503,1.0312516905634637
All→CS,Randomized reference drawing,16,0.12171678470155453,0.10577554860321353,0.6810700828934056,1.2456446253252529
All→CS,Topical relevance,4,0.11986742836966799,0.07454078413665605,0.7067121275372918,1.0371002727426517
CS→CS,Direct structural,16,0.14177402790784713,0.0989230487524565,0.638,1.0909
CS→CS,GLM,20,0.13827466418585985,0.1259088117189296,0.7148439571019256,1.066924114174153
CS→CS,Network neighborhood,8,0.07951277630666762,0.05782452235771479,0.7956825498595361,1.0471216553644704
CS→CS,Network-conditioned randomization,12,0.05233285695145148,0.03927996782649251,0.8301147809526894,1.0292327743098226
CS→CS,Randomized reference drawing,16,0.1234273837532383,0.0861639859135993,0.6721055277046103,1.268156782211712
CS→CS,Topical relevance,4,0.11460154346420481,0.0681520360854686,0.713076462543355,1.0352855202189488
