,count,share_pct
Parallel Computing and Performance Optimization,36133,2.342205924582434
Statistical Machine Translation and Natural Language Processing,34311,2.2241006137975785
Empirical Studies in Software Engineering,23624,1.531350088903092
Natural Language Processing,22275,1.4439054872297823
Stereo Vision and Depth Estimation,21589,1.3994377357487662
Wireless Sensor Networks: Survey and Applications,20248,1.312511708436751
Semantic Web and Ontology Development,19748,1.2801008108558356
Cloud Computing and Big Data Technologies,19462,1.261561777439552
Cooperative Diversity in Wireless Networks,19223,1.2460693683958746
Image Feature Retrieval and Recognition Techniques,18553,1.2026387656374478
Speech Enhancement Techniques,17868,1.1582358359515936
Visual Object Tracking and Person Re-identification,17785,1.1528556269531618
Neural Network Fundamentals and Applications,17502,1.1345110589223635
Networks on Chip in System-on-Chip Design,16819,1.090237772826833
Program Analysis and Verification Techniques,16815,1.0899784856461858
Distributed Grid Computing Systems,16618,1.077208591999305
QoS-Aware Web Services Composition and Semantic Matching,16054,1.0406490995280324
Distributed Fault Tolerance and Consistency in Systems,16050,1.0403898123473851
Network Intrusion Detection and Defense Mechanisms,15995,1.0368246136134844
Data Stream Management Systems and Techniques,15734,1.0199061250762467
Speech Recognition Technology,15199,0.9852264646646671
Internet of Things and Edge Computing,15017,0.9734288979452139
Formal Methods in Software Verification and Control,14714,0.9537878940111791
Trajectory Data Mining and Analysis,14617,0.9475001798804815
Sampling-Based Motion Planning Algorithms,14422,0.9348599298239245
Computer Graphics and Visualization Techniques,14320,0.9282481067174179
Deep Learning in Computer Vision and Image Recognition,14241,0.9231271848996332
Distributed Storage Systems and Network Coding,14068,0.9119130143366364
Graph Theory and Algorithms,14057,0.9111999745898562
Software-Defined Networking and Network Virtualization,13616,0.8826135629234889
Advanced Cryptographic Schemes and Protocols,13534,0.8772981757202187
Automated Software Testing Techniques,13362,0.8661488269523838
Ad Hoc Wireless Networks Research,13328,0.8639448859168816
Face Recognition and Dimensionality Reduction Techniques,13235,0.8579164589668313
Content-Centric Networking for Information Delivery,12804,0.8299782652520823
Recommender System Technologies,12682,0.8220700062423388
Distributed Multi-Agent Coordination and Control,12621,0.8181158767374672
Text Compression and Indexing Algorithms,12596,0.8164953318584214
End-to-End Congestion Control in Networks,12555,0.8138376382567863
Activity Recognition in Pervasive Computing Environments,11864,0.7690457777999612
Reconfigurable Computing Systems and Design Methods,11814,0.7658046880418697
Image Denoising Techniques and Algorithms,11730,0.7603596572482759
Privacy-Preserving Techniques for Data Analysis and Machine Learning,11672,0.7565999931288897
Shape Matching and Object Recognition,11641,0.754590517478873
Autonomic Computing and Self-Adaptive Systems,11567,0.7497937046368974
Logic Programming and Knowledge Representation,11176,0.7244483827286217
Swarm Intelligence Optimization Algorithms,11016,0.7140768955027287
Digital Image Watermarking Techniques,10988,0.7122618852381974
Blockchain and Internet of Things Integration,10809,0.7006587839042296
Scalable Peer-to-Peer Network Architectures,10757,0.6972880505558144
Advancements in Video Coding Standards and Techniques,10718,0.694760000544503
Very Large Scale Integration Testing,10623,0.6886019300041292
Image Segmentation Techniques,10556,0.6842588697282865
Efficient Power Control in Wireless Networks,10457,0.6778415120072653
Characterization and Detection of Android Malware,10221,0.6625435683490731
Wireless Medium Access Control Protocols,10175,0.659561765771629
Cryptography and Error-Correcting Codes,9952,0.6451065054505406
Cognitive Radio Networks and Spectrum Management,9771,0.6333737605262493
Audio Signal Classification and Analysis,9554,0.619307430976132
Information Visualization and Visual Data Mining,9490,0.6151588360857748
Human Action Recognition and Pose Estimation,9401,0.6093896963163719
Agile Software Development in Software Engineering,9388,0.608547012979268
Blind Source Separation and Independent Component Analysis,9372,0.6075098642566787
Anomaly Detection in High-Dimensional Data,9121,0.5912395936710592
Mesh Generation Algorithms,9053,0.5868317116000548
Real-Time Scheduling in Embedded Systems,8684,0.5629124691853391
Computational Thinking in Education,8561,0.5549393883804339
Image Compression Techniques and Standards,8553,0.5544208140191392
Handwriting Recognition and Text Detection,8114,0.5259640459430955
Sentiment Analysis and Opinion Mining,8097,0.5248620754253445
Data Mining Techniques and Applications,8046,0.521556163872091
Particle Filtering and Nonlinear Estimation Methods,7997,0.5183798959091613
Face Recognition and Analysis Techniques,7724,0.5006835458299815
Low-Density Parity-Check and Polar Codes,7699,0.49906300095093575
Single Image Super-Resolution Techniques,7696,0.49886853556545024
Language-based Information Flow Security,7517,0.4872654342314825
Automata Theory and Formal Languages,7494,0.4857745329427604
Dialogue Act Modeling for Spoken Language Systems,7469,0.4841539880637146
Log Analysis and System Performance Diagnosis,7320,0.47449554058460186
Image Quality Assessment in Multimedia Content,7298,0.4730694610910416
Web Data Extraction and Crawling Techniques,7269,0.4711896290313485
Matrix Algorithms and Iterative Methods,7180,0.4654204892619455
Artificial Intelligence Planning and Reasoning,7106,0.46062367641997004
Image Enhancement Techniques,7103,0.46042921103448453
Rough Sets Theory and Applications,7077,0.45874384436027693
Automatic Video Summarization and Analysis,7000,0.45375256613281595
Delay-Tolerant Networking in Mobile Ad Hoc Networks,6995,0.4534284571570068
Quantum Computing and Simulation,6968,0.4516782686876374
Application of Genetic Programming in Machine Learning,6857,0.44448304942467415
Reinforcement Learning Algorithms,6833,0.44292732634079024
Combinatorial Optimization and Complexity Theory,6814,0.4416957122327154
Virtual Presence and Embodiment in VR Research,6788,0.4400103455585078
Advances in Transfer Learning and Domain Adaptation,6619,0.4290554621761584
Methods and Techniques for Agent-Based Modeling,6550,0.4245827583099921
Active Learning in Machine Learning Research,6548,0.4244531147196684
Learning and Inference in Bayesian Networks,6523,0.4228325698406227
Computational Methods in Drug Discovery,6410,0.41550770698733575
Computational Complexity and Algorithmic Information Theory,6302,0.408506953109858
Information Security Policy Compliance and Awareness,6294,0.40798837874856336
Tangible User Interfaces in Human-Computer Interaction,6282,0.40721051720662144
Machine Learning for Internet Traffic Classification,6279,0.4070160518211359
Biometric Recognition and Security Systems,6218,0.40306192231626425
Type-2 Fuzzy Logic Systems and Applications,6204,0.40215441718399864
Gesture Recognition in Human-Computer Interaction,5896,0.3821893042741547
Augmented Reality and its Applications,5887,0.38160590811769823
User Experience and Design Research in HCI,5870,0.3805039375999471
Multiobjective Optimization in Evolutionary Algorithms,5860,0.3798557196483288
Model-Driven Engineering in Software Development,5599,0.36293723111109094
Adversarial Robustness in Deep Learning Models,5556,0.3601498939191322
Graph Neural Network Models and Applications,5484,0.3554827246674804
Computational Modeling of Visual Saliency Detection,5387,0.3491950105367828
Modeling and Control of Petri Nets in Systems,5326,0.34524088103191114
Visual Question Answering in Images and Videos,5320,0.3448519502609401
Multi-label Text Classification in Machine Learning,5284,0.34251836563511423
Educational Data Mining and Learning Analytics,5229,0.3389531669012135
Distributed Constraint Optimization Problems and Algorithms,5217,0.33817530535927154
Network Synchronization in Complex Systems,5177,0.3355824335527983
Distributed Coordination in Online Robotics Research,5174,0.3353879681673128
Automatic Keyword Extraction from Textual Data,5117,0.33169312584308847
User Authentication Methods and Security Measures,5112,0.3313690168672793
Deep Learning in Medical Image Analysis,5046,0.3270907783865985
Crowdsourcing for Research and Data Collection,5007,0.3245627283752871
Cryptanalysis of Block Ciphers and Hash Functions,4961,0.32158092579784286
Clustering of Time Series Data and Algorithms,4914,0.3185343014252368
Eye Tracking in Human-Computer Interaction,4869,0.31561732064295445
Chaos-based Image Encryption Techniques,4807,0.3115983693429209
Detection and Prevention of Phishing Attacks,4736,0.30699602188643094
Advanced Techniques in Digital Signal Processing,4658,0.30193992186380814
Array Processing for Signal Localization and Estimation,4651,0.3014861692976753
Game Artificial Intelligence Research,4575,0.29655971286537613
Hardware Security and Authentication Techniques,4561,0.2956522077331105
Fuzzy Logic and Residuated Lattices,4520,0.2929945141314755
Usability Evaluation in Human-Computer Interaction,4360,0.2826230269055825
Generative Adversarial Networks in Image Processing,4331,0.28074319484588944
Data Clustering Techniques and Algorithms,4325,0.2803542640749184
Security in Wireless Sensor Networks,4235,0.27452030251035364
Floating-Point Arithmetic in Scientific Computation,4233,0.27439065892003
Theory and Applications of Cellular Automata,3913,0.25364768446824415
Information Retrieval Techniques and Evaluation,3894,0.25241607036016933
Security Protocols for Authentication and Key Exchange,3776,0.2447670985310733
Learning with Noisy Labels in Machine Learning,3752,0.24321137544718935
Decentralized Inference in Wireless Sensor Networks,3676,0.2382849190148902
Software Reliability Assessment and Prediction,3660,0.23724777029230093
Mobile Agent Technology in Network Management,3604,0.2336177497632384
Interactive Evolutionary Music Systems and Instruments,3568,0.23128416513741248
Adaptation to Concept Drift in Data Streams,3503,0.22707074845189348
Handling Imbalanced Data in Classification Problems,3498,0.2267466394760843
Graph Matching and Analysis Techniques,3481,0.2256446689583332
Quantum Information and Computation,3462,0.22441305485025842
Digital Image Forgery Detection and Identification,3417,0.22149607406797603
Robust Line and Curve Detection using Hough Transform,3380,0.2190976676469883
Security Challenges in Cloud Computing,3360,0.21780123174375166
Connected Component Labeling Algorithms,3288,0.21313406249209985
Iterative Algorithms for Nonlinear Operators and Optimization,3273,0.21216173556467238
Innovation and Collaboration in Open Source Community,3216,0.208466893240448
Model-Based Clustering with Mixture Models,3203,0.2076242099033442
Effectiveness of Intelligent Tutoring Systems,3098,0.200817921411352
Algorithms and Architectures for Packet Classification,2952,0.19135393931772468
Clock Synchronization in Networked Systems,2846,0.18448282903057062
Deep Learning for Wireless Signal Classification,2789,0.18078798670634624
Theory and Applications of Extreme Learning Machines,2719,0.1762504610450181
Digital Image Correlation Techniques,2704,0.17527813411759063
Symbolic Computing in Algebraic Geometry and Cryptography,2473,0.1603042994352077
Dynamics of Synchronization in Complex Networks,2311,0.1498031686189911
Applications of Elliptic Curve Cryptography in Security,2262,0.14662690065606138
Mobile Learning in Higher Education,2243,0.1453952865479866
Digital Forensics Research and Challenges,2208,0.1431265237173225
Explainable Artificial Intelligence,2186,0.14170044422376224
Graph Labeling and Dimension Problems,2127,0.13787595830921423
Multiscale Methods for Heterogeneous Systems,2060,0.13353289803337157
Gaussian Processes in Machine Learning,2024,0.13119931340754565
Topological Data Analysis in Science and Engineering,1992,0.12912501596236706
Automated Detection of Hate Speech and Offensive Language,1958,0.1269210749268648
Deep Learning Applications in Healthcare,1899,0.12309658901231679
Adaptive Dynamic Programming for Optimal Control,1820,0.11797566719453215
Bluetooth Low Energy Technology Overview and Evaluation,1786,0.1157717261590299
Artificial Intelligence in Service Industry,1733,0.11233617101545287
Optimization Methods in Machine Learning,1726,0.11188241844932005
Photonic Reservoir Computing for Neural Computation,1724,0.11175277485899639
Automated Reconstruction of Fragmented Objects,1678,0.10877097228155216
Open Educational Resources and Learning Object Repositories,1656,0.10734489278799189
Information and Communication Technologies for Development,1592,0.10319629789763472
Authorship Attribution and User Profiling in Text,1528,0.09904770300727754
Application of Fuzzy Cognitive Maps in Modeling,1515,0.09820501967017374
Expert Finding in Online Communities,1472,0.09541768247821501
Optimizing Information Freshness in Communication Networks,1452,0.0941212465749784
Artificial Intelligence and Expert Systems,1271,0.08238850165068701
Web Application Security and Vulnerability Detection,1269,0.08225885806036336
Networked Smart Transducer Interface Standard,1255,0.08135135292809773
Information Technology Skills and Education,1214,0.07869365932646266
Data Sharing and Stewardship in Science,1209,0.0783695503506535
Web Engineering for Applications Development,1097,0.07110950929252845
End-User Software Engineering and Meta-Design,1064,0.06897039005218802
Application of Fuzzy Logic in Educational Assessment,926,0.06002498231985537
Digital Rights Management Architectures and Technologies,910,0.05898783359726607
Theoretical Framework of Cognitive Informatics and Computational Intelligence,870,0.05639496179079284
Machine Learning for Mineral Prospectivity Mapping,851,0.05516334768271806
Automated Analysis of Blood Cell Images,816,0.05289458485205398
Performance and Optimization of Thin-Client Computing Systems,806,0.052246366900435666
Impact of Emoticons on Computer-Mediated Communication,798,0.05172779253914102
Automatic Text Simplification and Readability Assessment,782,0.05069064381655173
Cybercrime and Dark Web Activities,758,0.049134920732667786
Personas in User-Centered Design and Development,698,0.04524561302295794
Design and Simulation of Quantum-dot Cellular Automata,686,0.04446775148101596
Machine Learning Methods for Solar Radiation Forecasting,678,0.043949177119721315
Mathematical Information Retrieval and Search,662,0.04291202839713203
Mobile Application Development and Cross-Platform Solutions,631,0.04090255274711527
Digital Video Stabilization Techniques,622,0.04031915659065879
Scientific Computing and Data Analysis with Python,621,0.04025433479549696
Usage and Impact of E-Books in Academic Settings,601,0.03895789889226034
Webometrics Analysis in Academic Research,563,0.03649467067611077
Impact of Web 2.0 on Academic Libraries,561,0.03636502708578711
Innovation in E-Learning and Knowledge Management,512,0.033188759122857396
Applications of QR Codes in Various Fields,482,0.031244105268002472
Spatial Data Mining and Cloud Model Applications,452,0.029299451413147545
History of Computing and Information Technology,437,0.028327124485720084
Machine Learning for Earthquake Early Warning Systems,417,0.027030688582483465
Artificial Intelligence in Education and Technology,409,0.026512114221188817
Knowledge Base Graph Embedding for Visual Question Answering,397,0.02573425267924685
Computational Contact Mechanics and Variational Inequalities,388,0.02515085652279037
Modelica Language and Simulation Environment,379,0.024567460366333893
Role of Digital Technologies in Pandemic Contact Tracing,318,0.02061333086146221
Big Data Analysis in Various Industries,311,0.020159578295329394
Inductive Modeling in Scientific Research,310,0.020094756500167565
Automated Currency Recognition and Authentication,310,0.020094756500167565
Innovations in Visual Communication Design and Technology,305,0.01977064752435841
Knowledge Mapping and Information Architecture,280,0.018150102645312638
Name Authority Control in Bibliographic Repositories,269,0.017437062898532498
Big Data and Cloud Computing Technologies,259,0.01678884494691419
Exploration of Smart Learning Strategies,238,0.015427587248515742
Digital Competence in Education and Workforce Development,207,0.013418111598498986
Fuzzy Computing and Intelligent Systems,205,0.013288468008175324
Network Security and Communication Technologies,200,0.01296435903236617
Statistical Computing and Data Analysis in R,186,0.012056853900100539
Machine Learning in Smart Healthcare,180,0.011667923129129553
Smart Technology and Data Analytics Applications,174,0.011278992358158569
Optimization of Big Data Processing and Analysis,163,0.010565952611378429
Internet of Things and Social Network Interactions,153,0.00991773465976012
Smart University in Digital Ecosystems,133,0.008621298756523503
Robotics Programming Education for Students,121,0.007843437214581533
Models for Reducing Power Consumption in Computing Systems,118,0.007648971829096041
Digital Transformation in Higher Education,118,0.007648971829096041
Information Science and Technology Development,113,0.007324862853286886
Software Development and Engineering Processes,105,0.006806288491992239
Cyberbiosecurity and Legal Implications of AI Technology,101,0.006547001311344916
Internet of Things and Healthcare Systems,92,0.005963605154888438
Development and Application of Expert Systems,91,0.005898783359726607
Internet of Things and Big Data Applications,90,0.005833961564564776
Enhancing Digital Literacy through Education,88,0.005704317974241115
Applications and Challenges of IoT,80,0.005185743612946468
Wireless Sensor Networks for Data Analysis,72,0.0046671692516518214
Impact of Technology on Education and Training,72,0.0046671692516518214
Information Retrieval and Data Mining Techniques,72,0.0046671692516518214
Information and Communication Technology and Financial Access in Africa,67,0.0043430602758426674
Enhancing E-Learning with Intelligent Agents and Analytics,67,0.0043430602758426674
Impact of Information and Communication Technology in Education,66,0.0042782384806808365
Experience-Based Knowledge Representation and Management,64,0.0041485948903571745
Data Mining in Various Applications,63,0.0040837730951953435
Artificial Intelligence and Technology Innovation,61,0.003954129504871682
Digital Communication and Information Studies,60,0.003889307709709851
Compilation and Analysis of Spoken Language Corpora,60,0.003889307709709851
Security and Privacy in RFID Networks,60,0.003889307709709851
Cognitive Radio Networks and Smart Technologies,59,0.0038244859145480205
Blockchain Technology in Education and Learning,56,0.0036300205290625276
Integration of Cloud Technologies in Education,55,0.003565198733900697
Challenges in Computer-Aided Design for Technical Systems,53,0.003435555143577035
Secure Classical Communication Using Noise and Laws,53,0.003435555143577035
Innovations in Education Technology and Learning Systems,52,0.003370733348415204
Neuro-Symbolic Networks in Automation and Robotics,51,0.0033059115532533736
Comprehensive Survey of Big Data Mining Approaches,51,0.0033059115532533736
Information Science and Society,38,0.0024632282161495722
Smart Systems and IoT Applications,37,0.0023984064209877417
Efficient Cooperative Image Transmission in Sensor Networks,30,0.0019446538548549255
Cybernetics and Information Theory,27,0.001750188469369433
Impact of Information Technology Infrastructure on Various Sectors,27,0.001750188469369433
Innovations in Education Technology and Learning Methods,26,0.001685366674207602
Digital Education and Technological Literacy,26,0.001685366674207602
Data Communications and Networking Technologies,26,0.001685366674207602
Integration of Technology in Educational Systems,25,0.0016205448790457713
Complexity Theory and Emergent Systems,25,0.0016205448790457713
Digital Education and Knowledge Economy,24,0.0015557230838839406
Postdigital Education and Technological Transformation,23,0.0014909012887221096
Formation of Common Digital Space of Scientific Knowledge,22,0.0014260794935602788
Digital Image Processing and Artificial Neural Networks,22,0.0014260794935602788
Digital Communication and Media Studies,19,0.0012316141080747861
Integration of Big Data in Educational Practices,19,0.0012316141080747861
Information Technology in Education and Governance,17,0.0011019705177511246
Innovations in Smart Education Systems,17,0.0011019705177511246
Innovations in Education Technology and Research,15,0.0009723269274274628
Impact of Information Technology on Education Management,14,0.0009075051322656319
Digital Education in the 21st Century,12,0.0007778615419419703
Innovative Approaches in Education and Technology Integration,10,0.0006482179516183085
Laboratory Information Management Systems in Scientific Research,9,0.0005833961564564777
Development and Impact of Smart Libraries,8,0.0005185743612946468
Web-Based Learning Systems,8,0.0005185743612946468
Development of Multimedia Learning Systems,7,0.00045375256613281595
Understanding the Digital Economy and Knowledge Management,7,0.00045375256613281595
Impact of Digital Learning on Education,6,0.00038893077097098514
Innovations in Educational Technology and Training,4,0.0002592871806473234
Interdisciplinary Study of Cyborgs and Technology,4,0.0002592871806473234
Impact of Modern Technology in Education,4,0.0002592871806473234
