venue_rank_clean,MM,MW,WM,WW
A*,76.66079158134833,8.575464606930874,10.940618439128068,3.823125372592727
A,73.57617630276205,9.17909411964283,12.346745215366346,4.897984362228768
B,72.59578654331195,9.380330922753293,13.921361367227972,4.102521166706785
C,68.864608801956,10.14160554197229,15.023940505297473,5.969845150774246
Q1,74.75978173320173,8.44252345460527,12.570760870798308,4.226933941394684
Q2,72.7236737925574,8.978842262690243,12.492302278525557,5.8051816662267965
Q3,73.10026604589291,8.210009976720984,12.60808114399734,6.081642833388759
Q4,73.16291161178509,8.07625649913345,12.088388214904679,6.672443674176777
N/A,72.39609175621837,9.20200059875601,12.796630217917878,5.605277427107736
