primary_subfield,known_gender_n,MM,MW,WM,WW
Artificial Intelligence,293814,71.78895491705637,9.50805611713533,12.898636552376674,5.8043524134316264
Computer Networks and Communications,214586,75.46345055129412,8.604475594866393,12.382914076407594,3.549159777431892
Computer Vision and Pattern Recognition,174459,72.93289540809015,9.188405298666162,13.896674863434963,3.982024429808723
Information Systems,111061,66.78401959283637,10.51584264503291,14.840493062371129,7.859644699759591
Computational Theory and Mathematics,84168,78.60469537116244,7.265231441878149,9.195893926432849,4.934179260526566
Signal Processing,62022,75.61832898003934,8.22288865241366,12.658411531392085,3.5003708361549126
Hardware and Architecture,56693,81.89194433175172,6.552837210943149,9.188083184872912,2.3671352724322228
Human-Computer Interaction,27954,59.50847821420906,11.604779280246118,17.142448307934462,11.74429419761036
Computer Science Applications,19593,57.648139641708774,11.67763997345991,16.812126779972438,13.862093604858877
Software,18740,72.93489861259339,9.300960512273212,11.979722518676628,5.784418356456777
Computer Graphics and Computer-Aided Design,18273,83.52760904066109,5.9377223225524,7.82028128933399,2.7143873474525253
