venue_name,known_gender_n,MM,MW,WM,WW
corr,13074,74.17775738106165,9.843965121615419,11.909132629646626,4.069144867676304
ieee access,12449,65.01727046349104,10.90047393364929,18.61996947545988,5.462286127399791
icassp,11818,78.79505838551363,7.7508884752073115,11.660179387375189,1.7938737519038757
aaai,6751,73.32247074507481,9.406013923863132,12.087098207672938,5.184417123389127
interspeech,6504,72.90897908979089,9.378843788437885,14.145141451414514,3.5670356703567037
icip,6397,74.55057057995936,8.80100046896983,14.256682820071909,2.3917461309989054
theor. comput. sci.,6332,80.18003790271636,6.743524952621605,7.327858496525584,5.7485786481364505
ieee trans. inf. theory,5623,85.09692335052463,5.15738929397119,7.113640405477503,2.6320469500266763
sensors,5099,66.836634634242,12.002353402627966,16.964110609923512,4.196901353206512
ijcai,5087,78.41556909770003,8.688814625516022,9.003341851779044,3.8922744250049144
cvpr,4984,77.56821829855538,8.828250401284109,10.934991974317818,2.6685393258426964
icc,4674,71.9298245614035,9.435173299101413,15.190415062045357,3.444587077449722
ijcnn,4232,72.96786389413988,9.569943289224952,14.15406427221172,3.30812854442344
globecom,4129,71.61540324533784,10.220392346815208,15.354807459433276,2.8093969484136596
icpr,3876,78.92156862745098,7.120743034055728,11.27450980392157,2.683178534571723
date,3713,78.50794505790466,7.271747912739025,12.146512254241854,2.0737947751144628
ieee trans. signal process.,3661,82.6276973504507,6.582900846763179,9.28708003277793,1.5023217700081943
neurocomputing,3661,68.94291177273969,10.680142037694619,16.361649822452883,4.015296367112811
commun. acm,3585,85.21617852161785,4.295676429567643,4.379358437935844,6.108786610878661
eusipco,3579,78.51355127130483,6.091086895780944,12.964515227717238,2.4308466051969826
inf. process. lett.,3470,86.22478386167147,4.755043227665706,5.043227665706052,3.976945244956772
ieee trans. commun.,3462,84.74870017331023,5.545927209705372,7.336799537839399,2.368573079145003
inf. sci.,3295,71.8361153262519,9.52959028831563,14.658573596358119,3.975720789074355
lrec,3276,52.38095238095239,14.194139194139193,20.238095238095237,13.186813186813188
acl,3242,66.90314620604565,10.919185687847008,13.633559531153608,8.544108574953732
sigcse,3191,63.83578815418364,9.746161078031964,11.877154497022877,14.540896270761516
discret. math.,3185,77.92778649921507,7.786499215070644,6.216640502354788,8.069073783359498
sac,3172,73.0453972257251,10.245901639344263,12.168978562421186,4.539722572509458
ieee trans. computers,3122,85.3619474695708,5.285073670723895,7.270980140935297,2.0819987187700195
icra,3004,79.66045272969374,8.5219707057257,9.687083888149134,2.130492676431425
