Variable,Full available N,Full coverage (%),Full missing N,Full missing (%),CS available N,CS coverage (%),CS missing N,CS missing (%)
Publication year,3026412,100.0,0,0.0,1542691,100.0,0,0.0
Decade,3026412,100.0,0,0.0,1542691,100.0,0,0.0
Taxonomy label,3026412,100.0,0,0.0,1542691,100.0,0,0.0
Venue name,3026412,100.0,0,0.0,1542691,100.0,0,0.0
Venue type,3026412,100.0,0,0.0,1542691,100.0,0,0.0
Venue rank,1614963,53.36229832554193,1411449,46.63770167445807,879692,57.023214629501304,662999,42.976785370498696
Reference-list field,3026412,100.0,0,0.0,1542691,100.0,0,0.0
First-author gender,2428923,80.25751285680866,597489,19.742487143191344,1241641,80.48539856653082,301050,19.514601433469178
Last-author gender,2485836,82.13805655013263,540576,17.86194344986737,1270822,82.37696337114821,271869,17.623036628851793
Complete first-last gender,2110021,69.72021654685483,916391,30.279783453145175,1081363,70.0958908815829,461328,29.904109118417104
