primary_topic_name,known_gender_n,MM,MW,WM,WW
Statistical Machine Translation and Natural Language Processing,27609,64.98967727914811,10.73925169328842,14.708971712122858,9.562099315440618
Parallel Computing and Performance Optimization,27544,82.88193435957014,6.854487365669475,8.034417659018297,2.229160615742085
Empirical Studies in Software Engineering,18462,68.70328241793955,10.383490412739683,14.137146571335716,6.77608059798505
Semantic Web and Ontology Development,16499,67.31923146857385,10.085459724831807,14.655433662646223,7.939875143948118
Program Analysis and Verification Techniques,14825,85.63912310286678,5.180438448566611,5.463743676222597,3.716694772344013
Stereo Vision and Depth Estimation,14556,81.69139873591647,6.292937620225336,10.07144820005496,1.9442154438032426
Natural Language Processing,14421,62.49219887663824,13.431800845988489,17.120865404618264,6.955134872755011
Cloud Computing and Big Data Technologies,12799,72.1853269786702,9.625752011875928,14.118290491444643,4.07063051800922
Neural Network Fundamentals and Applications,12748,81.36178224035143,6.785378098525259,8.7307812990273,3.122058362096015
Distributed Fault Tolerance and Consistency in Systems,12678,80.41489193879161,6.870168796340116,9.252247988641741,3.4626912762265345
Data Stream Management Systems and Techniques,12591,78.2384242713049,7.823048209038203,8.98260662377889,4.955920895878008
Wireless Sensor Networks: Survey and Applications,12590,71.40587768069896,9.451945988880063,15.297855440826053,3.844320889594917
Distributed Grid Computing Systems,12518,79.96485061511423,7.373382329445597,9.122863077168878,3.538903978271289
Speech Enhancement Techniques,12391,78.92018400451941,6.730691631022516,12.13784198208377,2.211282382374304
QoS-Aware Web Services Composition and Semantic Matching,12005,71.43690129112869,10.12911286963765,13.194502290712204,5.2394835485214495
Formal Methods in Software Verification and Control,11990,77.43119266055047,7.7731442869057545,10.30859049207673,4.487072560467055
Networks on Chip in System-on-Chip Design,11472,80.13423988842399,7.051952580195257,9.614714086471409,3.199093444909344
Cooperative Diversity in Wireless Networks,11429,71.6248140694724,10.832093796482631,14.331962551404324,3.211129582640651
Image Feature Retrieval and Recognition Techniques,10989,74.31977431977433,9.363909363909364,13.331513331513332,2.984802984802985
Graph Theory and Algorithms,10946,76.64900420244838,8.496254339484743,8.8799561483647,5.974785309702174
Computer Graphics and Visualization Techniques,10864,84.4440353460972,5.47680412371134,8.100147275405007,1.9790132547864505
Network Intrusion Detection and Defense Mechanisms,10657,70.7234681430046,9.890213005536268,15.135591629914611,4.250727221544525
Speech Recognition Technology,10461,73.39642481598318,9.339451295287256,13.516872191951057,3.7472516967785108
Trajectory Data Mining and Analysis,10312,72.09076803723818,10.57020946470132,12.3933281613654,4.945694336695112
Automated Software Testing Techniques,10089,71.66220636336604,9.872137972048765,12.934879571810884,5.530776092774309
Sampling-Based Motion Planning Algorithms,10078,77.14824369914666,8.989878944234968,11.06370311569756,2.7981742409208175
Visual Object Tracking and Person Re-identification,9909,73.04470683217276,9.062468463013422,14.744171964880412,3.148652739933394
Logic Programming and Knowledge Representation,9753,81.41084794422228,6.4185378857787345,6.869681123756793,5.300933046242181
Autonomic Computing and Self-Adaptive Systems,9718,74.09960897303972,9.137682650751183,11.267750565960075,5.494957810249022
Text Compression and Indexing Algorithms,9714,84.85690755610459,5.775169857936998,6.70166769610871,2.6662548898497014
Internet of Things and Edge Computing,9557,67.86648529873392,10.411216909071884,16.79397300408078,4.928324788113424
Distributed Storage Systems and Network Coding,9266,79.19274767968919,7.198359594215412,11.310166199007123,2.29872652708828
Reconfigurable Computing Systems and Design Methods,9230,84.18201516793066,5.850487540628386,8.0931744312026,1.8743228602383533
Software-Defined Networking and Network Virtualization,9036,74.41345728198317,8.942009738822488,13.424081451969899,3.2204515272244354
Activity Recognition in Pervasive Computing Environments,8851,68.63631228109817,10.642865212970285,14.845780137837533,5.875042368094001
End-to-End Congestion Control in Networks,8760,79.77168949771689,7.602739726027398,10.262557077625571,2.363013698630137
Ad Hoc Wireless Networks Research,8428,73.49311817750356,9.397247271001424,13.63312766967252,3.4765068818224965
Advanced Cryptographic Schemes and Protocols,8282,71.06978990581985,10.214923931417532,13.813088625935766,4.902197536826853
Content-Centric Networking for Information Delivery,8097,71.87847350870693,9.54674570828702,15.104359639372609,3.4704211436334447
Agile Software Development in Software Engineering,7998,60.61515378844711,11.515378844711178,16.39159789947487,11.47786946736684
Distributed Multi-Agent Coordination and Control,7742,71.89356755360372,10.359080340997158,14.401963316972358,3.3453887884267632
Scalable Peer-to-Peer Network Architectures,7685,77.54066363044892,8.588158750813273,10.943396226415095,2.9277813923227063
Information Visualization and Visual Data Mining,7643,66.51838283396572,11.19979065811854,15.726808844694492,6.555017663221248
Shape Matching and Object Recognition,7540,70.50397877984085,9.3368700265252,14.509283819628646,5.649867374005305
Very Large Scale Integration Testing,7517,79.2071305041905,5.587335373154184,11.281096181987495,3.9244379406678194
Recommender System Technologies,7495,62.788525683789196,11.154102735156771,18.719146097398266,7.338225483655771
Image Denoising Techniques and Algorithms,7445,75.59435862995298,8.757555406312962,11.403626595030222,4.244459368703828
Face Recognition and Dimensionality Reduction Techniques,7332,70.39007092198581,10.13366066557556,15.316421167484998,4.159847244953628
Computational Thinking in Education,7326,55.62380562380562,11.438711438711438,15.533715533715533,17.403767403767404
Deep Learning in Computer Vision and Image Recognition,7310,70.23255813953489,10.94391244870041,15.485636114911081,3.337893296853625
Image Segmentation Techniques,7282,71.71106838780554,8.143367206811316,15.998352101071134,4.147212304312002
Mesh Generation Algorithms,7194,82.7634139560745,6.547122602168473,7.381150959132611,3.3083124826244092
Cryptography and Error-Correcting Codes,7110,76.65260196905767,7.3980309423347395,9.90154711673699,6.047819971870605
Characterization and Detection of Android Malware,7063,72.85855868611073,9.783378167917316,13.15305111142574,4.205012034546226
Audio Signal Classification and Analysis,6965,75.73582196697774,7.623833452979182,12.87867910983489,3.7616654702081838
Blockchain and Internet of Things Integration,6941,66.47457138740816,10.790952312346924,16.755510733323728,5.978965566921192
Privacy-Preserving Techniques for Data Analysis and Machine Learning,6924,64.2836510687464,11.308492201039861,18.240901213171576,6.166955517042172
Swarm Intelligence Optimization Algorithms,6897,72.16180948238365,10.236334638248513,13.165144265622736,4.436711613745106
Efficient Power Control in Wireless Networks,6753,80.98622834295868,6.115800385014068,10.573078631719236,2.3248926403080112
Real-Time Scheduling in Embedded Systems,6662,83.08315821074753,6.004202942059441,9.171419993995796,1.7412188531972381
Automata Theory and Formal Languages,6549,83.24935104596122,4.36707894335013,6.229958772331654,6.153611238357001
Wireless Medium Access Control Protocols,6459,75.5999380709088,8.546214584300975,13.082520514011456,2.7713268307787584
Blind Source Separation and Independent Component Analysis,6444,78.56921166977034,6.7970204841713215,11.685288640595903,2.9484792054624456
Dialogue Act Modeling for Spoken Language Systems,6318,61.111111111111114,11.411839189616968,16.714150047483383,10.76289965178854
Artificial Intelligence Planning and Reasoning,5956,77.95500335795836,8.19341840161182,8.310946944257891,5.540631296171927
Digital Image Watermarking Techniques,5885,67.62956669498725,10.382327952421411,17.28122344944775,4.706881903143585
Advancements in Video Coding Standards and Techniques,5818,77.41491921622551,6.978343073221039,13.269164661395669,2.337573049157786
Anomaly Detection in High-Dimensional Data,5771,67.59660370819616,10.899324207243112,17.310691387974355,4.19338069658638
Cognitive Radio Networks and Spectrum Management,5745,70.33942558746736,9.660574412532636,16.29242819843342,3.7075718015665795
Language-based Information Flow Security,5688,78.86779184247538,8.19268635724332,10.109001406469762,2.830520393811533
Application of Genetic Programming in Machine Learning,5601,78.77164792001429,8.64131405106231,9.409034101053383,3.1780039278700234
Computational Complexity and Algorithmic Information Theory,5582,88.9824435686134,3.8337513436044426,3.6546040845575063,3.529201003224651
Combinatorial Optimization and Complexity Theory,5510,81.7967332123412,6.442831215970962,8.185117967332122,3.575317604355717
Log Analysis and System Performance Diagnosis,5506,74.20995277878679,9.244460588448964,11.914275335997095,4.631311296767163
Image Compression Techniques and Standards,5495,80.5459508644222,7.170154686078253,9.717925386715196,2.5659690627843497
Methods and Techniques for Agent-Based Modeling,5455,70.88909257561869,9.385884509624198,13.400549954170485,6.3244729605866175
Human Action Recognition and Pose Estimation,5407,69.89088218975402,10.245977436656187,16.47863880155354,3.3845015720362492
Particle Filtering and Nonlinear Estimation Methods,5370,80.3538175046555,7.094972067039105,10.42830540037244,2.1229050279329607
Virtual Presence and Embodiment in VR Research,5346,58.77291432846988,12.383090160867939,19.17321361765806,9.670781893004115
Data Mining Techniques and Applications,5230,68.81453154875717,9.88527724665392,14.187380497131933,7.112810707456979
Active Learning in Machine Learning Research,5205,79.61575408261288,7.569644572526417,9.298751200768491,3.515850144092219
Handwriting Recognition and Text Detection,5172,72.83449342614075,8.120649651972158,14.694508894044858,4.3503480278422275
Quantum Computing and Simulation,5162,78.0123982952344,7.729562185199534,10.654784967067028,3.6032545524990316
Sentiment Analysis and Opinion Mining,5161,53.516760317767876,14.609571788413097,20.80992055803139,11.063747335787639
Matrix Algorithms and Iterative Methods,5115,80.66471163245356,6.568914956011731,8.269794721407624,4.496578690127078
Learning and Inference in Bayesian Networks,5113,77.0193624095443,7.647173870526109,10.97203207510268,4.3614316448269115
Tangible User Interfaces in Human-Computer Interaction,5048,72.2662440570523,9.766244057052297,12.480190174326466,5.4873217115689386
Web Data Extraction and Crawling Techniques,5021,68.5520812587134,10.456084445329616,14.439354710217088,6.552479585739893
Information Security Policy Compliance and Awareness,5016,66.94577352472089,10.885167464114833,13.516746411483254,8.652312599681022
User Experience and Design Research in HCI,5013,36.70456812288051,14.741671653700378,22.082585278276483,26.47117494514263
