gender_cat,observed_citations,expected_citations,oe_ratio,pct_diff_from_expected,baseline,citation_slice,n_edges,total_relevance_weight
MM,2837184.0,2764419.8158668075,1.0263216837455553,2.6321683745555324,R1_same_topic,All→CS,3630264,
MW,293324.0,295104.9564987184,0.9939650064849854,-0.6034993515014575,R1_same_topic,All→CS,3630264,
WM,375192.0,401562.2212867118,0.9343309208664734,-6.56690791335266,R1_same_topic,All→CS,3630264,
WW,124564.0,169177.00634776006,0.7362939130389055,-26.370608696109453,R1_same_topic,All→CS,3630264,
MM,3968615.0,3844019.5106659536,1.0324128139798283,3.2412813979828314,R1_same_subfield,All→CS,5027849,
MW,392051.0,403969.36479760864,0.9704968598210911,-2.950314017890887,R1_same_subfield,All→CS,5027849,
WM,498919.0,548427.0548987982,0.9097271834848957,-9.027281651510432,R1_same_subfield,All→CS,5027849,
WW,168264.0,231433.0696376402,0.7270525351604012,-27.294746483959877,R1_same_subfield,All→CS,5027849,
MM,1131431.0,1079599.6947991436,1.0480097442140344,4.800974421403437,R1_cross_topic_same_subfield,All→CS,1397585,
MW,98727.0,108864.40829889032,0.9068804170500079,-9.311958294999211,R1_cross_topic_same_subfield,All→CS,1397585,
WM,123727.0,146864.83361208596,0.8424549087550808,-15.754509124491921,R1_cross_topic_same_subfield,All→CS,1397585,
WW,43700.0,62256.06328988002,0.7019396616281649,-29.80603383718351,R1_cross_topic_same_subfield,All→CS,1397585,
MM,2974038.0,2822898.0073300954,1.0535407203085079,5.354072030850787,R1_cross_subfield,All→CS,3658388,
MW,249384.0,281729.2830654798,0.8851901985000187,-11.480980149998132,R1_cross_subfield,All→CS,3658388,
WM,313610.0,378576.88712131203,0.8283918291596764,-17.160817084032367,R1_cross_subfield,All→CS,3658388,
WW,121356.0,175183.82248311117,0.6927351982612406,-30.726480173875935,R1_cross_subfield,All→CS,3658388,
MM,4717828.75,4549057.476885548,1.0371002727426515,3.7100272742651486,R1_taxonomy_weighted,All→CS,8054657,5934067.5
MW,451631.75,471565.31923789985,0.9577289329289214,-4.227106707107864,R1_taxonomy_weighted,All→CS,8054657,5934067.5
WM,570295.5,638493.288118163,0.8931894987977665,-10.681050120223345,R1_taxonomy_weighted,All→CS,8054657,5934067.5
WW,194311.5,274951.4157583868,0.7067121275372918,-29.328787246270814,R1_taxonomy_weighted,All→CS,8054657,5934067.5
MM,2837184.0,2764419.815866811,1.026321683745554,2.632168374555399,R1_same_topic,CS→CS,3630264,
MW,293324.0,295104.95649871824,0.9939650064849861,-0.6034993515013909,R1_same_topic,CS→CS,3630264,
WM,375192.0,401562.221286712,0.934330920866473,-6.566907913352704,R1_same_topic,CS→CS,3630264,
WW,124564.0,169177.00634776033,0.7362939130389042,-26.370608696109578,R1_same_topic,CS→CS,3630264,
MM,3968615.0,3844019.510665953,1.0324128139798285,3.2412813979828536,R1_same_subfield,CS→CS,5027849,
MW,392051.0,403969.3647976088,0.9704968598210907,-2.9503140178909315,R1_same_subfield,CS→CS,5027849,
WM,498919.0,548427.0548987977,0.9097271834848967,-9.027281651510332,R1_same_subfield,CS→CS,5027849,
WW,168264.0,231433.06963763994,0.7270525351604021,-27.294746483959788,R1_same_subfield,CS→CS,5027849,
MM,1131431.0,1079599.6947991436,1.0480097442140344,4.800974421403437,R1_cross_topic_same_subfield,CS→CS,1397585,
MW,98727.0,108864.40829889032,0.9068804170500079,-9.311958294999211,R1_cross_topic_same_subfield,CS→CS,1397585,
WM,123727.0,146864.83361208596,0.8424549087550808,-15.754509124491921,R1_cross_topic_same_subfield,CS→CS,1397585,
WW,43700.0,62256.063289879996,0.7019396616281651,-29.806033837183488,R1_cross_topic_same_subfield,CS→CS,1397585,
MM,1633305.0,1549670.0734563635,1.0539695048489246,5.39695048489246,R1_cross_subfield,CS→CS,1995651,
MW,136971.0,149986.56424042452,0.9132217988568568,-8.677820114314317,R1_cross_subfield,CS→CS,1995651,
WM,163281.0,199357.15565637941,0.819037568340101,-18.0962431659899,R1_cross_subfield,CS→CS,1995651,
WW,62094.0,96637.20664683219,0.642547546173671,-35.745245382632895,R1_cross_subfield,CS→CS,1995651,
MM,4502409.75,4348954.623694343,1.0352855202189488,3.528552021894882,R1_taxonomy_weighted,CS→CS,7023500,5676278.25
MW,435854.75,451746.54484309885,0.964821435770763,-3.517856422923704,R1_taxonomy_weighted,CS→CS,7023500,5676278.25
WM,549627.75,611389.424323967,0.8989814480480116,-10.101855195198839,R1_taxonomy_weighted,CS→CS,7023500,5676278.25
WW,188386.0,264187.6571385865,0.713076462543355,-28.6923537456645,R1_taxonomy_weighted,CS→CS,7023500,5676278.25
