predicted_decile,n_papers,observed_total,expected_total,observed_mean,expected_mean,oe_ratio,citation_slice,model,model_label
1,108137,184138.0,319266.6651147064,1.7028214209752444,2.9524276160306497,0.5767529783726176,All→CS,M1_structural,M1
2,108136,277843.0,431971.9109143534,2.569384848709033,3.9947095408962174,0.6431969139194508,All→CS,M1_structural,M1
3,108136,329629.0,510098.0784645139,3.0482817932973294,4.717190190727545,0.646207099999753,All→CS,M1_structural,M1
4,108136,406188.0,584348.8453478083,3.7562698823703484,5.40383263064852,0.6951121803932618,All→CS,M1_structural,M1
5,108137,471096.0,666573.0436362071,4.356473732395018,6.164153283669855,0.7067432511673967,All→CS,M1_structural,M1
6,108136,602667.0,767614.6350817451,5.573231856181105,7.098603934690992,0.7851166098934794,All→CS,M1_structural,M1
7,108136,719015.0,892649.504525666,6.649173263298069,8.25487815829757,0.805484119303991,All→CS,M1_structural,M1
8,108136,943918.0,1057024.4085144314,8.728989420729452,9.774953840667598,0.8929954619748147,All→CS,M1_structural,M1
9,108136,1491263.0,1351758.9617277654,13.790624768809646,12.50054525530596,1.1032018593713824,All→CS,M1_structural,M1
10,108137,3260480.0,2104930.946672803,30.151382043148967,19.465409126134467,1.5489724283610047,All→CS,M1_structural,M1
1,108137,158195.0,270898.3787491216,1.4629127865577924,2.5051405046295128,0.5839643660123343,CS→CS,M1_structural,M1
2,108136,235267.0,362272.24891556235,2.175658430125028,3.350153962746563,0.6494204309169581,CS→CS,M1_structural,M1
3,108136,251771.0,425332.4662239569,2.3282810534882,3.9333105184578394,0.5919392945363148,CS→CS,M1_structural,M1
4,108136,316612.0,486433.6742353229,2.9279056003551083,4.4983509121414045,0.6508842145801609,CS→CS,M1_structural,M1
5,108137,374191.0,552002.8476841061,3.4603419736075534,5.1046621201263775,0.6778787493033691,CS→CS,M1_structural,M1
6,108136,480982.0,631866.2180784404,4.447935932529408,5.843254957446552,0.7612086011857189,CS→CS,M1_structural,M1
7,108136,597115.0,730122.1114498713,5.521889102611526,6.751887543924977,0.8178289503029202,CS→CS,M1_structural,M1
8,108136,758210.0,859250.1674401764,7.011633498557372,7.94601397721551,0.8824089057309249,CS→CS,M1_structural,M1
9,108136,1188070.0,1077648.7723069617,10.986812902271215,9.965679998399809,1.1024649501123225,CS→CS,M1_structural,M1
10,108137,2663087.0,1627673.114916486,24.626973191414596,15.051953678356954,1.6361313433235887,CS→CS,M1_structural,M1
1,108137,182734.0,314311.29294858815,1.6898378908236773,2.9066026702108263,0.5813790471406631,All→CS,M2_direct_citation_network,M2
2,108136,279834.0,427378.8764355536,2.5877968484131095,3.9522349304168234,0.6547679715335614,All→CS,M2_direct_citation_network,M2
3,108136,339425.0,505564.68398170045,3.138871421173337,4.675267107916887,0.6713779873364056,All→CS,M2_direct_citation_network,M2
4,108136,402919.0,581223.2157778731,3.726039431826589,5.374928014517581,0.6932259226100564,All→CS,M2_direct_citation_network,M2
5,108137,473886.0,664271.2660883344,4.382274337183388,6.142867529969709,0.7133922904577102,All→CS,M2_direct_citation_network,M2
6,108136,598585.0,765443.3540901166,5.535483095361397,7.078524765943965,0.7820108396022835,All→CS,M2_direct_citation_network,M2
7,108136,731899.0,892035.7391582307,6.768319523562921,8.249202293022034,0.8204817003079454,All→CS,M2_direct_citation_network,M2
8,108136,946893.0,1059599.7671778854,8.756501072723237,9.79876976379638,0.8936326991859709,All→CS,M2_direct_citation_network,M2
9,108136,1488969.0,1354939.9879485506,13.769410742028557,12.529962158287255,1.0989187810851877,All→CS,M2_direct_citation_network,M2
10,108137,3241093.0,2121468.8163931672,29.97210020621989,19.61834354932324,1.5277589634856716,All→CS,M2_direct_citation_network,M2
1,108137,148382.0,259621.86166184317,1.3721667884257933,2.4008605903792706,0.5715312225642507,CS→CS,M2_direct_citation_network,M2
2,108136,231987.0,352151.3175721341,2.1453262558259967,3.2565594951924806,0.6587707852391612,CS→CS,M2_direct_citation_network,M2
3,108136,268323.0,415793.2776719639,2.481347562328919,3.845095783753458,0.6453278934723202,CS→CS,M2_direct_citation_network,M2
4,108136,320198.0,479025.7814552783,2.9610675445735,4.429845578302122,0.6684358387292639,CS→CS,M2_direct_citation_network,M2
5,108137,381840.0,547541.3433869098,3.5310763198535193,5.063404231548034,0.6973719968579248,CS→CS,M2_direct_citation_network,M2
6,108136,485707.0,628659.0692590857,4.49163090922542,5.813596482753992,0.7726079583524282,CS→CS,M2_direct_citation_network,M2
7,108136,595830.0,728934.3278374486,5.510005918473034,6.740903379424508,0.8173987384675199,CS→CS,M2_direct_citation_network,M2
8,108136,759124.0,863601.2521838308,7.020085817858992,7.9862511299089185,0.8790214211482046,CS→CS,M2_direct_citation_network,M2
9,108136,1174550.0,1085719.7484644488,10.861785159428868,10.04031727144012,1.0818169252803822,CS→CS,M2_direct_citation_network,M2
10,108137,2657559.0,1662452.0205070567,24.57585285332495,15.37357260241228,1.5985778640332913,CS→CS,M2_direct_citation_network,M2
1,108137,146480.0,307834.97018408333,1.354577989032431,2.846712690236305,0.4758393755992242,All→CS,M3_bibliographic_coupling,M3
2,108136,236597.0,402714.3287965933,2.18795775689872,3.7241467115169167,0.587505790288139,All→CS,M3_bibliographic_coupling,M3
3,108136,343768.0,472470.83165747864,3.1790338092772066,4.369227932025215,0.727596238680015,All→CS,M3_bibliographic_coupling,M3
4,108136,451287.0,557018.6869444671,4.173328031367907,5.1510938720173405,0.8101828728144479,All→CS,M3_bibliographic_coupling,M3
5,108137,518100.0,644054.8619173181,4.791144566614572,5.955915754249869,0.8044345763614656,All→CS,M3_bibliographic_coupling,M3
6,108136,586305.0,733889.4751918265,5.421922394022342,6.786726670043524,0.798900951463774,All→CS,M3_bibliographic_coupling,M3
7,108136,719404.0,862264.238009591,6.652770585189021,7.973886938758517,0.8343196531734139,All→CS,M3_bibliographic_coupling,M3
8,108136,992896.0,1061962.9606894553,9.18191906488126,9.82062366547177,0.934962928796862,All→CS,M3_bibliographic_coupling,M3
9,108136,1550648.0,1388071.1869898904,14.33979433306207,12.836346702207317,1.1171242617337707,All→CS,M3_bibliographic_coupling,M3
10,108137,3140752.0,2255955.4596192925,29.044193939169755,20.862012628603463,1.3922047913703148,All→CS,M3_bibliographic_coupling,M3
1,108137,118446.0,259626.7621925232,1.0953327723165984,2.4009059081768793,0.4562164508763844,CS→CS,M3_bibliographic_coupling,M3
2,108136,188453.0,331905.57507374225,1.7427406229192868,3.069334681084396,0.5677910048908633,CS→CS,M3_bibliographic_coupling,M3
3,108136,278276.0,386378.1151736999,2.5733890656210696,3.573075711823074,0.7202167748939362,CS→CS,M3_bibliographic_coupling,M3
4,108136,365627.0,454574.78050244256,3.381177406229193,4.203732156751152,0.8043275071174684,CS→CS,M3_bibliographic_coupling,M3
5,108137,418281.0,524656.9054613828,3.868065509492588,4.851779737382976,0.7972467257095646,CS→CS,M3_bibliographic_coupling,M3
6,108136,476760.0,596377.9337200647,4.408892505733521,5.515072998077095,0.7994259563328974,CS→CS,M3_bibliographic_coupling,M3
7,108136,586589.0,702783.9026572572,5.42454871643116,6.499074338400321,0.8346648205544848,CS→CS,M3_bibliographic_coupling,M3
8,108136,843017.0,862713.3984976432,7.795895908855515,7.9780406016279795,0.9771692446970881,CS→CS,M3_bibliographic_coupling,M3
9,108136,1224953.0,1110085.7019631548,11.327892653695347,10.265644206953787,1.1034760630046,CS→CS,M3_bibliographic_coupling,M3
10,108137,2523098.0,1794396.9247580867,23.332420910511665,16.593736877831702,1.406098040621728,CS→CS,M3_bibliographic_coupling,M3
1,108137,132815.0,282194.08621851634,1.2282105107410044,2.6095978824871815,0.47065125205053027,All→CS,M4_cocitation,M4
2,108136,194143.0,329336.62809298385,1.795359547236813,3.045578050723014,0.5894971389127913,All→CS,M4_cocitation,M4
3,108136,238163.0,358549.4490996783,2.202439520603684,3.3157269466197965,0.6642403177526279,All→CS,M4_cocitation,M4
4,108136,264604.0,383579.62792305124,2.4469556854331582,3.5471963816217658,0.6898280845433257,All→CS,M4_cocitation,M4
5,108137,306226.0,408389.7105638184,2.8318336924456937,3.7765955275605796,0.7498376968832728,All→CS,M4_cocitation,M4
6,108136,359438.0,435978.15574202075,3.323943922468003,4.031757747114936,0.824440388276445,All→CS,M4_cocitation,M4
7,108136,452914.0,469569.83720476314,4.188373899533921,4.342400654775127,0.9645295845578341,All→CS,M4_cocitation,M4
8,108136,624201.0,517214.32426381524,5.772369978545536,4.782998485830946,1.2068517260972342,All→CS,M4_cocitation,M4
9,108136,1055077.0,617957.170501295,9.756944958200783,5.714629452738173,1.7073626626002376,All→CS,M4_cocitation,M4
10,108137,5058656.0,4883468.01039006,46.78006602735419,45.16001008341326,1.035873684282811,All→CS,M4_cocitation,M4
1,108137,113584.0,229175.01805159685,1.050371288273209,2.1193025333752264,0.4956212110973959,CS→CS,M4_cocitation,M4
2,108136,157482.0,264447.9058359632,1.4563327661463343,2.4455121868384553,0.595512373229705,CS→CS,M4_cocitation,M4
3,108136,175771.0,286349.05940602353,1.625462380705778,2.648045603739953,0.6138347384992408,CS→CS,M4_cocitation,M4
4,108136,200077.0,305455.4032111829,1.8502348893985352,2.8247336984092524,0.6550121487347619,CS→CS,M4_cocitation,M4
5,108137,234408.0,324699.1460210755,2.167694683595809,3.00266463857029,0.7219236726442918,CS→CS,M4_cocitation,M4
6,108136,293916.0,346173.8206995105,2.7180217503883997,3.201281910737502,0.8490416733596042,CS→CS,M4_cocitation,M4
7,108136,361342.0,371438.5378819148,3.341551379744026,3.4349202659790894,0.972817742769802,CS→CS,M4_cocitation,M4
8,108136,479828.0,406315.11034992785,4.437264185840053,3.757445349836575,1.1809258080182181,CS→CS,M4_cocitation,M4
9,108136,825349.0,474143.76204927,7.632509062661833,4.384698546730691,1.7407146651741356,CS→CS,M4_cocitation,M4
10,108137,4181743.0,4015302.23649353,38.670787981911836,37.131622261515766,1.041451615271636,CS→CS,M4_cocitation,M4
1,108137,133088.0,280987.3967797219,1.2307350860482535,2.5984389873930467,0.47364401935910816,All→CS,M5_all_network_features,M5
2,108136,193078.0,328345.6667025436,1.7855108382037435,3.036414022180806,0.5880327337315345,All→CS,M5_all_network_features,M5
3,108136,236980.0,357394.71483290574,2.1914995931049788,3.3050484097146717,0.6630763975085537,All→CS,M5_all_network_features,M5
4,108136,266308.0,382637.9185929706,2.4627136198860695,3.538487817128159,0.6959791151364797,All→CS,M5_all_network_features,M5
5,108137,305699.0,408099.5154669334,2.826960244874557,3.773911940103141,0.749079546566552,All→CS,M5_all_network_features,M5
6,108136,360995.0,436373.448417432,3.3383424576459273,4.035413261239847,0.8272616065647388,All→CS,M5_all_network_features,M5
7,108136,456256.0,470396.127223569,4.219279425908116,4.350041866016581,0.9699399582495956,All→CS,M5_all_network_features,M5
8,108136,618300.0,519132.6981564506,5.717799807649627,4.800738867319399,1.1910249579649161,All→CS,M5_all_network_features,M5
9,108136,1054846.0,619608.4846298727,9.75480875934009,5.729900168582828,1.702439566543572,All→CS,M5_all_network_features,M5
10,108137,5060687.0,4883261.029197601,46.79884775793669,45.15809601891675,1.0363335012692436,All→CS,M5_all_network_features,M5
1,108137,109092.0,223722.09811327065,1.008831389811073,2.0688765003030474,0.48762281830901943,CS→CS,M5_all_network_features,M5
2,108136,152750.0,260240.10034039605,1.4125730561515129,2.4066000253421254,0.5869579661251353,CS→CS,M5_all_network_features,M5
3,108136,187994.0,282759.2969082281,1.7384959680402456,2.614848865393838,0.6648552392638571,CS→CS,M5_all_network_features,M5
4,108136,200856.0,303032.21945319854,1.857438780794555,2.802325030084325,0.6628206081928558,CS→CS,M5_all_network_features,M5
5,108137,237627.0,323915.8392659027,2.1974624781527137,2.9954209869508372,0.7336072250697561,CS→CS,M5_all_network_features,M5
6,108136,296450.0,346768.05550496135,2.7414552045572242,3.206777164912345,0.8548942017404443,CS→CS,M5_all_network_features,M5
7,108136,365922.0,373593.2724907829,3.3839054523932823,3.4548464201633395,0.9794662456322145,CS→CS,M5_all_network_features,M5
8,108136,479393.0,410818.0033903311,4.433241473699786,3.7990863670778565,1.1669230560582653,CS→CS,M5_all_network_features,M5
9,108136,812885.0,480564.8134437646,7.517246800325516,4.444077952243144,1.6915200140742792,CS→CS,M5_all_network_features,M5
10,108137,4180531.0,4018086.301089162,38.65957997725108,37.1573679784825,1.0404283747879692,CS→CS,M5_all_network_features,M5
