gender_cat,n_papers,observed_citations,expected_citations,oe_ratio,pct_diff_from_expected,model,citation_slice
MM,790617,6942653.0,6513816.3174918145,1.0658349363270518,6.583493632705184,M1_structural,All→CS
MW,97399,641435.0,743870.8941401817,0.8622934504534092,-13.77065495465908,M1_structural,All→CS
WM,137756,812529.0,1032371.2809923228,0.7870511461913113,-21.294885380868866,M1_structural,All→CS
WW,55591,289620.0,396178.50737568067,0.7310341035874635,-26.896589641253655,M1_structural,All→CS
MM,790617,5601920.0,5252988.741977118,1.066425281903717,6.642528190371699,M1_structural,CS→CS
MW,97399,529022.0,605704.8546992689,0.8733989762434019,-12.66010237565981,M1_structural,CS→CS
WM,137756,662200.0,842557.0540615752,0.7859408414039645,-21.405915859603553,M1_structural,CS→CS
WW,55591,230358.0,322249.34926204395,0.7148439571019256,-28.515604289807438,M1_structural,CS→CS
MM,790617,6942653.0,6512351.42429823,1.0660746860337225,6.607468603372246,M2_direct_citation_network,All→CS
MW,97399,641435.0,744695.1772410531,0.8613390009807618,-13.866099901923823,M2_direct_citation_network,All→CS
WM,137756,812529.0,1033326.5951720749,0.7863235145561056,-21.36764854438944,M2_direct_citation_network,All→CS
WW,55591,289620.0,395863.80328864296,0.7316152615974955,-26.838473840250455,M2_direct_citation_network,All→CS
MM,790617,5601920.0,5250532.74696686,1.066924114174153,6.6924114174153,M2_direct_citation_network,CS→CS
MW,97399,529022.0,607061.7468084361,0.8714467725586039,-12.855322744139608,M2_direct_citation_network,CS→CS
WM,137756,662200.0,844289.3979629001,0.7843282192074837,-21.567178079251626,M2_direct_citation_network,CS→CS
WW,55591,230358.0,321616.10826180334,0.7162514379176648,-28.374856208233524,M2_direct_citation_network,CS→CS
MM,790617,6942653.0,6524811.776555065,1.0640388164063705,6.403881640637055,M3_bibliographic_coupling,All→CS
MW,97399,641435.0,742851.5655765784,0.8634766751849516,-13.652332481504835,M3_bibliographic_coupling,All→CS
WM,137756,812529.0,1028708.445448391,0.7898535329374464,-21.01464670625536,M3_bibliographic_coupling,All→CS
WW,55591,289620.0,389865.21241996216,0.7428721280420932,-25.712787195790675,M3_bibliographic_coupling,All→CS
MM,790617,5601920.0,5263456.875917287,1.0643043406760557,6.430434067605573,M3_bibliographic_coupling,CS→CS
MW,97399,529022.0,604746.2718282535,0.8747834003187389,-12.521659968126109,M3_bibliographic_coupling,CS→CS
WM,137756,662200.0,839138.0355827146,0.7891431110498462,-21.085688895015377,M3_bibliographic_coupling,CS→CS
WW,55591,230358.0,316158.8166717423,0.7286148222118803,-27.138517778811966,M3_bibliographic_coupling,CS→CS
MM,790617,6942653.0,6741937.544883184,1.029771182806217,2.9771182806217045,M4_cocitation,All→CS
MW,97399,641435.0,707041.2279194545,0.907210180497525,-9.2789819502475,M4_cocitation,All→CS
WM,137756,812529.0,903794.0069408728,0.899020123789288,-10.097987621071203,M4_cocitation,All→CS
WW,55591,289620.0,333464.22025649063,0.8685189666742448,-13.148103332575523,M4_cocitation,All→CS
MM,790617,5601920.0,5444684.1837885715,1.0288787762345508,2.887877623455082,M4_cocitation,CS→CS
MW,97399,529022.0,575063.3415325396,0.9199369213661929,-8.006307863380712,M4_cocitation,CS→CS
WM,137756,662200.0,734259.3808855982,0.9018611368659851,-9.813886313401488,M4_cocitation,CS→CS
WW,55591,230358.0,269493.093793286,0.8547825725608224,-14.521742743917764,M4_cocitation,CS→CS
MM,790617,6942653.0,6741251.31608002,1.0298760088412033,2.987600884120334,M5_all_network_features,All→CS
MW,97399,641435.0,708021.3825115572,0.9059542774324753,-9.404572256752475,M5_all_network_features,All→CS
WM,137756,812529.0,903950.756633511,0.8988642290936472,-10.113577090635284,M5_all_network_features,All→CS
WW,55591,289620.0,333013.544774912,0.8696943549120735,-13.030564508792652,M5_all_network_features,All→CS
MM,790617,5601920.0,5442749.83925118,1.0292444380965189,2.9244438096518888,M5_all_network_features,CS→CS
MW,97399,529022.0,576868.0761882202,0.917058894116011,-8.294110588398896,M5_all_network_features,CS→CS
WM,137756,662200.0,735109.7063806315,0.9008179245250236,-9.918207547497637,M5_all_network_features,CS→CS
WW,55591,230358.0,268772.3781799664,0.8570746799202533,-14.292532007974668,M5_all_network_features,CS→CS
