n_papers,observed_total,expected_total,total_oe_ratio,mean_poisson_deviance,null_mean_poisson_deviance,poisson_d2,mae,median_absolute_error,citation_slice,model,model_label
1081363,8686237.0,8686236.999999996,1.0000000000000004,26.454288138911004,32.01977538697273,0.17381406274092892,9.74839336853903,5.137977078186081,All→CS,M1_structural,M1
1081363,8686237.0,8686236.999999998,1.0000000000000002,26.45899426039825,32.01977538697273,0.17366708727247637,9.746458256305587,5.120256957812971,All→CS,M2_direct_citation_network,M2
1081363,8686237.0,8686236.999999998,1.0000000000000002,26.180196283555286,32.01977538697273,0.18237414325502366,9.706229829954315,4.909304101636211,All→CS,M3_bibliographic_coupling,M3
1081363,8686237.0,8686237.0,1.0,13.170743680401413,32.01977538697273,0.588668455002344,6.502509988198145,3.1300401910419633,All→CS,M4_cocitation,M4
1081363,8686237.0,8686236.999999998,1.0000000000000002,13.164509481748764,32.01977538697273,0.5888631533903653,6.505702314100449,3.121288637543676,All→CS,M5_all_network_features,M5
1081363,7023500.0,7023500.000000007,0.9999999999999989,21.634089367699996,26.025107476677665,0.16872238137393547,8.039047015276362,4.340993245083439,CS→CS,M1_structural,M1
1081363,7023500.0,7023499.999999997,1.0000000000000004,21.587682687894514,26.025107476677665,0.17050553173544958,8.022743044697673,4.293196858042336,CS→CS,M2_direct_citation_network,M2
1081363,7023500.0,7023499.999999998,1.0000000000000002,21.355068465395394,26.025107476677665,0.1794436013556261,7.990536217158363,4.07813490693869,CS→CS,M3_bibliographic_coupling,M3
1081363,7023500.0,7023499.999999996,1.0000000000000004,10.62908113403053,26.025107476677665,0.5915835835238815,5.3114764927180875,2.581561192070954,CS→CS,M4_cocitation,M4
1081363,7023500.0,7023499.999999996,1.0000000000000004,10.59479682122313,26.025107476677665,0.5929009388062036,5.304267561111155,2.5551431710849086,CS→CS,M5_all_network_features,M5
