citation_slice,model,model_label,poisson_d2,delta_poisson_d2_vs_M1,mean_poisson_deviance,poisson_deviance_reduction_pct_vs_M1,mae,mae_reduction_pct_vs_M1,median_absolute_error,median_ae_reduction_pct_vs_M1
All→CS,M1_structural,M1,0.17381406274092892,0.0,26.454288138911004,0.0,9.74839336853903,0.0,5.137977078186081,0.0
All→CS,M2_direct_citation_network,M2,0.17366708727247637,-0.00014697546845254816,26.45899426039825,-0.01778963570115338,9.746458256305587,0.01985057599017938,5.120256957812971,0.34488515817525334
All→CS,M3_bibliographic_coupling,M3,0.18237414325502366,0.008560080514094737,26.180196283555286,1.0360961289771462,9.706229829954315,0.4325178210472025,4.909304101636211,4.450642209377098
All→CS,M4_cocitation,M4,0.588668455002344,0.4148543922614151,13.170743680401413,50.21319942066833,6.502509988198145,33.29659829707239,3.1300401910419633,39.08030060447452
All→CS,M5_all_network_features,M5,0.5888631533903653,0.4150490906494364,13.164509481748764,50.2367653492615,6.505702314100449,33.263851096773664,3.121288637543676,39.25063132734683
CS→CS,M1_structural,M1,0.16872238137393547,0.0,21.634089367699996,0.0,8.039047015276362,0.0,4.340993245083439,0.0
CS→CS,M2_direct_citation_network,M2,0.17050553173544958,0.0017831503615141076,21.587682687894514,0.21450720211393845,8.022743044697673,0.20280974284273143,4.293196858042336,1.1010472567594243
CS→CS,M3_bibliographic_coupling,M3,0.1794436013556261,0.010721219981690622,21.355068465395394,1.2897279731181288,7.990536217158363,0.6034396617635773,4.07813490693869,6.055257939930213
CS→CS,M4_cocitation,M4,0.5915835835238815,0.42286120214994605,10.62908113403053,50.868830421400126,5.3114764927180875,33.92902812205418,2.581561192070954,40.530633283182325
CS→CS,M5_all_network_features,M5,0.5929009388062036,0.4241785574322682,10.59479682122313,51.02730398700621,5.304267561111155,34.0187020795921,2.5551431710849086,41.13920416764445
