baseline,citation_slice,gender_cat,observed_citations,expected_citations,oe_ratio,pct_diff_from_expected,n_papers,n_edges,coverage_share,calibration_factor
D0_global,All→CS,MM,6942653.0,6350769.0186,1.0932,9.3199,790617.0,,,
D0_global,All→CS,MW,641435.0,782374.464,0.8199,-18.0143,97399.0,,,
D0_global,All→CS,WM,812529.0,1106549.109,0.7343,-26.5709,137756.0,,,
D0_global,All→CS,WW,289620.0,446544.4084,0.6486,-35.1419,55591.0,,,
D1_decade,All→CS,MM,6942653.0,6666725.687861979,1.041388730398852,4.138873039885205,,,,
D1_decade,All→CS,MW,641435.0,683708.0810812106,0.9381708623154486,-6.182913768455145,,,,
D1_decade,All→CS,WM,812529.0,919069.9395927112,0.8840774406788616,-11.592255932113837,,,,
D1_decade,All→CS,WW,289620.0,416733.2914640966,0.6949768735357973,-30.502312646420272,,,,
D2_decade_subfield,All→CS,MM,6942653.0,6666917.517996048,1.0413587660653756,4.135876606537559,,,,
D2_decade_subfield,All→CS,MW,641435.0,685698.6478630881,0.9354473747308218,-6.455262526917815,,,,
D2_decade_subfield,All→CS,WM,812529.0,927003.9420201104,0.8765108357892755,-12.348916421072452,,,,
D2_decade_subfield,All→CS,WW,289620.0,406616.8921207505,0.7122675068648976,-28.77324931351024,,,,
D3_decade_venue,All→CS,MM,6942653.0,6734299.078206571,1.0309392142187004,3.0939214218700384,,,,
D3_decade_venue,All→CS,MW,641435.0,676087.1567006344,0.9487460213417748,-5.125397865822512,,,,
D3_decade_venue,All→CS,WM,812529.0,895699.502965824,0.9071446364652082,-9.285536353479184,,,,
D3_decade_venue,All→CS,WW,289620.0,380151.262126967,0.7618546322312869,-23.814536776871307,,,,
N1_bibliographic_coupling,All→CS,MM,3363973.0,3203882.036957865,1.0499678081762784,4.996780817627844,256410.0,,0.3219381465798256,0.8968081837745467
N1_bibliographic_coupling,All→CS,MW,327653.0,372077.0183977863,0.8806053150256846,-11.939468497431536,31795.0,,0.3219381465798256,0.8968081837745467
N1_bibliographic_coupling,All→CS,WM,412980.0,499216.3231692677,0.8272566036667277,-17.27433963332723,45395.0,,0.3219381465798256,0.8968081837745467
N1_bibliographic_coupling,All→CS,WW,116824.0,146254.62147508303,0.7987713401583209,-20.12286598416792,14532.0,,0.3219381465798256,0.8968081837745467
N2_cocitation,All→CS,MM,3261911.0,3224763.639745669,1.0115194055764225,1.1519405576422503,55698.0,,0.0653036954288245,0.8057161124203971
N2_cocitation,All→CS,MW,287430.0,291909.26613196585,0.9846552793910254,-1.534472060897463,5578.0,,0.0653036954288245,0.8057161124203971
N2_cocitation,All→CS,WM,327508.0,356446.10367292794,0.9188149249641362,-8.11850750358638,6888.0,,0.0653036954288245,0.8057161124203971
N2_cocitation,All→CS,WW,110523.0,114252.99044943672,0.9673532357029426,-3.2646764297057373,2453.0,,0.0653036954288245,0.8057161124203971
R1_cross_subfield,All→CS,MM,2974038.0,2822898.0073300954,1.053540720308508,5.354072030850787,,3658388.0,,
R1_cross_subfield,All→CS,MW,249384.0,281729.2830654798,0.8851901985000187,-11.480980149998132,,3658388.0,,
R1_cross_subfield,All→CS,WM,313610.0,378576.887121312,0.8283918291596764,-17.160817084032367,,3658388.0,,
R1_cross_subfield,All→CS,WW,121356.0,175183.82248311117,0.6927351982612406,-30.72648017387593,,3658388.0,,
R1_cross_topic_same_subfield,All→CS,MM,1131431.0,1079599.6947991436,1.0480097442140344,4.800974421403437,,1397585.0,,
R1_cross_topic_same_subfield,All→CS,MW,98727.0,108864.40829889032,0.906880417050008,-9.311958294999211,,1397585.0,,
R1_cross_topic_same_subfield,All→CS,WM,123727.0,146864.83361208596,0.8424549087550808,-15.75450912449192,,1397585.0,,
R1_cross_topic_same_subfield,All→CS,WW,43700.0,62256.06328988002,0.7019396616281649,-29.80603383718351,,1397585.0,,
R1_same_subfield,All→CS,MM,3968615.0,3844019.5106659536,1.0324128139798283,3.2412813979828314,,5027849.0,,
R1_same_subfield,All→CS,MW,392051.0,403969.36479760864,0.9704968598210912,-2.950314017890887,,5027849.0,,
R1_same_subfield,All→CS,WM,498919.0,548427.0548987982,0.9097271834848956,-9.027281651510432,,5027849.0,,
R1_same_subfield,All→CS,WW,168264.0,231433.0696376402,0.7270525351604012,-27.29474648395988,,5027849.0,,
R1_same_topic,All→CS,MM,2837184.0,2764419.8158668075,1.026321683745555,2.6321683745555324,,3630264.0,,
R1_same_topic,All→CS,MW,293324.0,295104.9564987184,0.9939650064849854,-0.6034993515014575,,3630264.0,,
R1_same_topic,All→CS,WM,375192.0,401562.2212867118,0.9343309208664734,-6.56690791335266,,3630264.0,,
R1_same_topic,All→CS,WW,124564.0,169177.00634776006,0.7362939130389055,-26.370608696109453,,3630264.0,,
R1_taxonomy_weighted,All→CS,MM,4717828.75,4549057.476885548,1.0371002727426517,3.710027274265149,,8054657.0,,
R1_taxonomy_weighted,All→CS,MW,451631.75,471565.3192378999,0.9577289329289214,-4.227106707107864,,8054657.0,,
R1_taxonomy_weighted,All→CS,WM,570295.5,638493.288118163,0.8931894987977665,-10.681050120223343,,8054657.0,,
R1_taxonomy_weighted,All→CS,WW,194311.5,274951.4157583868,0.7067121275372918,-29.328787246270814,,8054657.0,,
D0_global,CS→CS,MM,5601920.0,5135092.0084,1.0909,9.0909,790617.0,,,
D0_global,CS→CS,MW,529022.0,632610.7667,0.8363,-16.3748,97399.0,,,
D0_global,CS→CS,WM,662200.0,894731.2475,0.7401,-25.9889,137756.0,,,
D0_global,CS→CS,WW,230358.0,361065.9774,0.638,-36.2006,55591.0,,,
D1_decade,CS→CS,MM,5601920.0,5393287.89018385,1.0386836590340145,3.8683659034014273,,,,
D1_decade,CS→CS,MW,529022.0,552024.8202444125,0.958330097849173,-4.1669902150827,,,,
D1_decade,CS→CS,WM,662200.0,741500.5949247761,0.893053902495087,-10.694609750491304,,,,
D1_decade,CS→CS,WW,230358.0,336686.69464695663,0.6841909812965704,-31.58090187034296,,,,
D2_decade_subfield,CS→CS,MM,5601920.0,5393689.584122321,1.03860630327905,3.8606303279050014,,,,
D2_decade_subfield,CS→CS,MW,529022.0,553955.9290380339,0.954989327253284,-4.5010672746715885,,,,
D2_decade_subfield,CS→CS,WM,662200.0,747784.210555178,0.8855495885749746,-11.445041142502545,,,,
D2_decade_subfield,CS→CS,WW,230358.0,328070.27628447226,0.7021605328251525,-29.78394671748476,,,,
D3_decade_venue,CS→CS,MM,5601920.0,5447633.381298179,1.0283217698223763,2.832176982237633,,,,
D3_decade_venue,CS→CS,MW,529022.0,546596.6076689535,0.9678472068388732,-3.2152793161126847,,,,
D3_decade_venue,CS→CS,WM,662200.0,722628.3510130878,0.9163769994238804,-8.36230005761196,,,,
D3_decade_venue,CS→CS,WW,230358.0,306641.66001978604,0.7512286490528918,-24.877135094710823,,,,
N1_bibliographic_coupling,CS→CS,MM,2799203.0,2673235.708247944,1.0471216553644704,4.712165536447044,256410.0,,0.3219381465798256,0.892505414843861
N1_bibliographic_coupling,CS→CS,MW,279978.0,313991.8635765026,0.8916727867115088,-10.832721328849114,31795.0,,0.3219381465798256,0.892505414843861
N1_bibliographic_coupling,CS→CS,WM,351839.0,418640.8272923357,0.8404316470412281,-15.956835295877193,45395.0,,0.3219381465798256,0.892505414843861
N1_bibliographic_coupling,CS→CS,WW,97949.0,123100.60088321804,0.7956825498595361,-20.43174501404639,14532.0,,0.3219381465798256,0.892505414843861
N2_cocitation,CS→CS,MM,2757903.0,2731815.075787669,1.0095496669754662,0.954966697546622,55698.0,,0.0653036954288245,0.7981851645544404
N2_cocitation,CS→CS,MW,251958.0,253947.5788798108,0.992165395359991,-0.7834604640008958,5578.0,,0.0653036954288245,0.7981851645544404
N2_cocitation,CS→CS,WM,286463.0,307537.7598063731,0.9314726106490409,-6.852738935095914,6888.0,,0.0653036954288245,0.7981851645544404
N2_cocitation,CS→CS,WW,94967.0,97990.58552614736,0.9691441222652908,-3.0855877734709103,2453.0,,0.0653036954288245,0.7981851645544404
R1_cross_subfield,CS→CS,MM,1633305.0,1549670.0734563635,1.0539695048489246,5.39695048489246,,1995651.0,,
R1_cross_subfield,CS→CS,MW,136971.0,149986.56424042452,0.9132217988568568,-8.677820114314317,,1995651.0,,
R1_cross_subfield,CS→CS,WM,163281.0,199357.1556563794,0.819037568340101,-18.0962431659899,,1995651.0,,
R1_cross_subfield,CS→CS,WW,62094.0,96637.2066468322,0.642547546173671,-35.745245382632895,,1995651.0,,
R1_cross_topic_same_subfield,CS→CS,MM,1131431.0,1079599.6947991436,1.0480097442140344,4.800974421403437,,1397585.0,,
R1_cross_topic_same_subfield,CS→CS,MW,98727.0,108864.40829889032,0.906880417050008,-9.311958294999211,,1397585.0,,
R1_cross_topic_same_subfield,CS→CS,WM,123727.0,146864.83361208596,0.8424549087550808,-15.75450912449192,,1397585.0,,
R1_cross_topic_same_subfield,CS→CS,WW,43700.0,62256.06328988,0.7019396616281651,-29.806033837183488,,1397585.0,,
R1_same_subfield,CS→CS,MM,3968615.0,3844019.510665953,1.0324128139798283,3.2412813979828536,,5027849.0,,
R1_same_subfield,CS→CS,MW,392051.0,403969.3647976088,0.9704968598210908,-2.9503140178909315,,5027849.0,,
R1_same_subfield,CS→CS,WM,498919.0,548427.0548987977,0.9097271834848968,-9.027281651510332,,5027849.0,,
R1_same_subfield,CS→CS,WW,168264.0,231433.06963763997,0.7270525351604021,-27.294746483959788,,5027849.0,,
R1_same_topic,CS→CS,MM,2837184.0,2764419.815866811,1.026321683745554,2.632168374555399,,3630264.0,,
R1_same_topic,CS→CS,MW,293324.0,295104.95649871824,0.993965006484986,-0.6034993515013909,,3630264.0,,
R1_same_topic,CS→CS,WM,375192.0,401562.221286712,0.934330920866473,-6.566907913352704,,3630264.0,,
R1_same_topic,CS→CS,WW,124564.0,169177.00634776033,0.7362939130389042,-26.370608696109574,,3630264.0,,
R1_taxonomy_weighted,CS→CS,MM,4502409.75,4348954.623694343,1.0352855202189488,3.528552021894882,,7023500.0,,
R1_taxonomy_weighted,CS→CS,MW,435854.75,451746.5448430989,0.964821435770763,-3.517856422923704,,7023500.0,,
R1_taxonomy_weighted,CS→CS,WM,549627.75,611389.424323967,0.8989814480480116,-10.10185519519884,,7023500.0,,
R1_taxonomy_weighted,CS→CS,WW,188386.0,264187.6571385865,0.713076462543355,-28.6923537456645,,7023500.0,,
