baseline,citation_slice,gender_cat,observed_citations,expected_citations,replaceable_edges,oe_ratio,pct_diff_from_expected
BC_network_weight_only,All→CS,MM,3027736.0,2935981.6111871586,3801614,1.0312516905634639,3.1251690563463885
BC_network_weight_only,All→CS,MW,296148.0,319565.58373305266,3801614,0.926720570283268,-7.327942971673195
BC_network_weight_only,All→CS,WM,375146.0,422807.11960914487,3801614,0.8872745575968441,-11.272544240315586
BC_network_weight_only,All→CS,WW,102584.0,123259.68547064422,3801614,0.83225914140785,-16.774085859215006
BC_network_x_prior_citation,All→CS,MM,3027736.0,2984828.1903176103,3801614,1.014375303014618,1.437530301461809
BC_network_x_prior_citation,All→CS,MW,296148.0,312867.82313368237,3801614,0.9465594672976699,-5.344053270233006
BC_network_x_prior_citation,All→CS,WM,375146.0,392075.45478393184,3801614,0.9568209267441609,-4.3179073255839135
BC_network_x_prior_citation,All→CS,WW,102584.0,111842.53176477533,3801614,0.9172181493150776,-8.278185068492238
BC_network_weight_only,CS→CS,MM,2531628.0,2459723.459251136,3192648,1.0292327743098224,2.9232774309822407
BC_network_weight_only,CS→CS,MW,253925.0,271999.7427139535,3192648,0.9335486771656191,-6.645132283438093
BC_network_weight_only,CS→CS,WM,320708.0,356858.46650801366,3192648,0.8986980276473225,-10.130197235267746
BC_network_weight_only,CS→CS,WW,86387.0,104066.33152689692,3192648,0.8301147809526895,-16.988521904731048
BC_network_x_prior_citation,CS→CS,MM,2531628.0,2498220.6737645236,3192648,1.0133724480732662,1.3372448073266208
BC_network_x_prior_citation,CS→CS,MW,253925.0,267799.3015481061,3192648,0.9481914199630063,-5.180858003699374
BC_network_x_prior_citation,CS→CS,WM,320708.0,331966.795913992,3192648,0.9660845721542917,-3.3915427845708335
BC_network_x_prior_citation,CS→CS,WW,86387.0,94661.22877337821,3192648,0.9125911539434274,-8.740884605657262
