,n_edges,share
0,133633,0.011518680133528528
1,899859,0.07756458349566984
2,1181276,0.10182170866039111
3,1173862,0.10118264873874017
4,1076897,0.09282461727085728
5,945578,0.08150539554826755
6,817743,0.07048648199495648
7,700441,0.06037547485582794
8,594945,0.05128210211581069
9,506655,0.04367182419801169
10,437228,0.037687468495225064
11,378827,0.032653514019323156
12,330691,0.028504365329197746
13,287368,0.024770079790260087
14,251015,0.021636582982629018
15,217033,0.01870745777929177
16,189693,0.016350848896376096
17,165740,0.014286187134398077
18,143073,0.012332373910219236
19,126688,0.010920046311588171
20,111445,0.009606154972806768
21,99215,0.008551973310844124
22,89037,0.007674666609662131
23,80232,0.006915707530873817
24,72322,0.006233894207396752
25,64846,0.005589490110517544
26,58045,0.005003268566526707
27,49733,0.0042868043004405665
28,43178,0.003721787064613492
29,38925,0.0033551938832294265
30,34797,0.002999375248676541
31,31652,0.002728287650404054
32,28505,0.0024570276593822685
33,25463,0.002194818287698674
34,22331,0.00192485124229663
35,20027,0.0017262547951043218
36,18047,0.0015555859732984318
37,16843,0.0014518055382205068
38,15014,0.0012941523689866824
39,13353,0.0011509801906939635
40,12185,0.0010503028251034185
41,11278,0.0009721227132963769
42,10238,0.00088247848366096
43,9353,0.0008061946920962062
44,8794,0.0007580109186671696
45,7566,0.0006521617705976581
46,6624,0.0005709647856778862
47,5823,0.0005019214895836853
48,5140,0.0004430493656981182
49,4539,0.00039124534453380516
50,4129,0.00035590483092753504
51,3622,0.0003122032689802693
52,3064,0.00026410569192588214
53,2813,0.00024247040188887288
54,2425,0.0002090262085248904
55,2135,0.000184029259876553
56,1815,0.0001564464199887324
57,1461,0.00012593290336283087
58,1244,0.00010722829006390254
59,1167,0.00010059116921589572
60,1054,9.085097888050907e-05
61,955,8.231753779021457e-05
62,668,5.757917826582548e-05
63,519,4.473591844305902e-05
64,371,3.1978854994942e-05
65,262,2.2583450158153108e-05
66,197,1.698068580593955e-05
67,132,1.1377921453725994e-05
68,142,1.2239885200220386e-05
69,104,8.964422963541692e-06
70,100,8.619637464943934e-06
71,83,7.154299095903466e-06
72,62,5.344175228265239e-06
73,67,5.775157101512436e-06
74,30,2.5858912394831804e-06
