gender_cat,n,mean,median,p90,p95,p99,max,feature
MM,66617,2.5288289775883035,2.0,5.0,7.0,12.0,29.0,cocit_degree
MW,6727,2.538278578861305,2.0,5.0,7.0,12.0,25.0,cocit_degree
WM,8435,2.5141671606401896,2.0,5.0,7.0,12.0,28.0,cocit_degree
WW,2939,2.4974481116025857,2.0,5.0,7.0,11.61999999999989,20.0,cocit_degree
MM,66617,36.6003122326133,13.0,75.0,127.0,375.8399999999965,10085.0,cocit_strength
MW,6727,36.3778801843318,13.0,71.0,126.0,391.6999999999989,3936.0,cocit_strength
WM,8435,31.679668049792532,12.0,68.0,114.0,321.3199999999997,1580.0,cocit_strength
WW,2939,30.213337870023818,13.0,64.0,104.0,285.09999999999945,2530.0,cocit_strength
MM,66617,12.1633108561992,7.0,19.0,29.0,79.2,7178.0,cocit_mean_weight
MW,6727,11.104493242723024,7.0,18.0,27.0,64.86999999999989,804.0,cocit_mean_weight
WM,8435,10.357015472286855,7.0,17.0,24.5,57.914999999999964,696.0,cocit_mean_weight
WW,2939,10.106473857052732,7.0,16.333333333333332,24.20222222222222,51.85999999999967,347.5,cocit_mean_weight
MM,66617,17.13796778600057,8.0,30.0,49.0,141.0,7178.0,cocit_max_weight
MW,6727,15.962539021852237,8.0,27.0,45.0,139.0,1603.0,cocit_max_weight
WM,8435,14.128037937166567,8.0,26.0,40.0,116.0,696.0,cocit_max_weight
WW,2939,13.695134399455597,8.0,25.0,38.09999999999991,96.09999999999945,622.0,cocit_max_weight
