decade,coverage_share,n_known_gender_cs_papers,representation
1950,0.005905511811023622,508,Bibliographic coupling
1960,0.07109479305740989,2996,Bibliographic coupling
1970,0.13413528878635578,12137,Bibliographic coupling
1980,0.22559604762829943,36029,Bibliographic coupling
1990,0.2999643934316354,95488,Bibliographic coupling
2000,0.3414452838937363,271739,Bibliographic coupling
2010,0.4011990044656572,449206,Bibliographic coupling
2020,0.3696380005626934,213260,Bibliographic coupling
1950,0.13385826771653545,508,Co-citation
1960,0.16889185580774366,2996,Co-citation
1970,0.1671747548817665,12137,Co-citation
1980,0.18612784146104527,36029,Co-citation
1990,0.15216571715817695,95488,Co-citation
2000,0.1115518935449089,271739,Co-citation
2010,0.06124806881475314,449206,Co-citation
2020,0.014315858576385633,213260,Co-citation
