gender_cat,observed_citations,expected_citations,oe_ratio,pct_diff_from_expected,baseline,citation_slice,memory_group,n_edges
MM,2172851.0,2110464.1880804827,1.0295607062521444,2.9560706252144353,long_memory_memory_group,All→CS,long,2557602
MW,140128.0,149837.72219168066,0.9351984129920271,-6.48015870079729,long_memory_memory_group,All→CS,long,2557602
WM,167405.0,181652.14211211447,0.921569093838039,-7.843090616196102,long_memory_memory_group,All→CS,long,2557602
WW,77218.0,115647.94761572381,0.6676988359238398,-33.230116407616016,long_memory_memory_group,All→CS,long,2557602
MM,1869920.0,1797266.083095277,1.0404246859093882,4.042468590938819,long_memory_memory_group,All→CS,middle,2338119
MW,177786.0,185404.91645588033,0.958906610452839,-4.109338954716102,long_memory_memory_group,All→CS,middle,2338119
WM,215998.0,246251.35415476005,0.8771444150688937,-12.285558493110626,long_memory_memory_group,All→CS,middle,2338119
WW,74415.0,109196.64629408276,0.6814769731992443,-31.852302680075574,long_memory_memory_group,All→CS,middle,2338119
MM,2899882.0,2776040.971895388,1.0446106629399126,4.461066293991256,long_memory_memory_group,All→CS,short,3790516
MW,323521.0,341581.2895184399,0.9471274040100345,-5.2872595989965525,long_memory_memory_group,All→CS,short,3790516
WM,429126.0,480510.07181064505,0.8930634864384404,-10.693651356155964,long_memory_memory_group,All→CS,short,3790516
WW,137987.0,192383.6667755288,0.717249038407204,-28.2750961592796,long_memory_memory_group,All→CS,short,3790516
MM,1668787.0,1630438.3717913174,1.0235204401909102,2.3520440190910152,long_memory_memory_group,CS→CS,long,1971259
MW,111846.0,114017.02776902795,0.9809587408871423,-1.90412591128577,long_memory_memory_group,CS→CS,long,1971259
WM,129799.0,137768.34137371762,0.9421540442872898,-5.784595571271023,long_memory_memory_group,CS→CS,long,1971259
WW,60827.0,89035.25906593712,0.6831787837552442,-31.682121624475577,long_memory_memory_group,CS→CS,long,1971259
MM,1519500.0,1467094.6513507185,1.0357204960164181,3.5720496016418135,long_memory_memory_group,CS→CS,middle,1904243
MW,147755.0,149839.50618851229,0.9860884072462853,-1.3911592753714674,long_memory_memory_group,CS→CS,middle,1904243
WM,177398.0,198472.35128146538,0.8938171934508974,-10.618280654910262,long_memory_memory_group,CS→CS,middle,1904243
WW,59590.0,88836.49117930423,0.6707829092408185,-32.92170907591815,long_memory_memory_group,CS→CS,middle,1904243
MM,2413633.0,2312032.0907560964,1.0439444199975085,4.394441999750853,long_memory_memory_group,CS→CS,short,3147998
MW,269421.0,281717.07627755555,0.9563531027652683,-4.36468972347317,long_memory_memory_group,CS→CS,short,3147998
WM,355003.0,395180.6296964186,0.8983309740477832,-10.166902595221682,long_memory_memory_group,CS→CS,short,3147998
WW,109941.0,159068.20326993,0.6911563577130255,-30.884364228697446,long_memory_memory_group,CS→CS,short,3147998
