gender_cat,observed_citations,expected_citations,oe_ratio,pct_diff_from_expected,baseline,citation_slice,fine_bucket,n_edges
MM,1128054.0,1086078.3611504643,1.0386488124163267,3.864881241632667,long_memory_fine_bucket,All→CS,0-2,1504303
MW,134195.0,139724.72882038713,0.9604241220070968,-3.9575877992903186,long_memory_fine_bucket,All→CS,0-2,1504303
WM,183925.0,199752.65349641442,0.9207637384566782,-7.923626154332175,long_memory_fine_bucket,All→CS,0-2,1504303
WW,58129.0,78747.25653273395,0.7381717479368531,-26.182825206314686,long_memory_fine_bucket,All→CS,0-2,1504303
MM,1460299.0,1417405.1730268146,1.0302622198574225,3.02622198574225,long_memory_fine_bucket,All→CS,11-20,1768339
MW,114657.0,119691.45288892013,0.9579380752141728,-4.206192478582715,long_memory_fine_bucket,All→CS,11-20,1768339
WM,137468.0,149810.87286267668,0.9176103000615269,-8.238969993847311,long_memory_fine_bucket,All→CS,11-20,1768339
WW,55915.0,81431.50122158918,0.6866507329619974,-31.33492670380026,long_memory_fine_bucket,All→CS,11-20,1768339
MM,712552.0,685427.8252739109,1.0395726197944324,3.9572619794432384,long_memory_fine_bucket,All→CS,20+,789263
MW,25471.0,33039.68555386029,0.770921380546372,-22.907861945362797,long_memory_fine_bucket,All→CS,20+,789263
WM,29937.0,35940.99308981316,0.8329486034286882,-16.705139657131184,long_memory_fine_bucket,All→CS,20+,789263
WW,21303.0,34854.496082415906,0.611198048872305,-38.8801951127695,long_memory_fine_bucket,All→CS,20+,789263
MM,1771828.0,1700283.7916852527,1.0420778041081222,4.207780410812223,long_memory_fine_bucket,All→CS,3-5,2286213
MW,189326.0,198735.83356162082,0.95265155058862,-4.734844941137995,long_memory_fine_bucket,All→CS,3-5,2286213
WM,245201.0,274576.9765489195,0.8930136935800741,-10.69863064199259,long_memory_fine_bucket,All→CS,3-5,2286213
WW,79858.0,112616.39820420639,0.7091152023455247,-29.088479765447527,long_memory_fine_bucket,All→CS,3-5,2286213
MM,1869920.0,1797266.083095277,1.0404246859093882,4.042468590938819,long_memory_fine_bucket,All→CS,6-10,2338119
MW,177786.0,185404.91645588033,0.958906610452839,-4.109338954716102,long_memory_fine_bucket,All→CS,6-10,2338119
WM,215998.0,246251.35415476005,0.8771444150688937,-12.285558493110626,long_memory_fine_bucket,All→CS,6-10,2338119
WW,74415.0,109196.64629408276,0.6814769731992443,-31.852302680075574,long_memory_fine_bucket,All→CS,6-10,2338119
MM,943678.0,907334.748166906,1.040054954256429,4.005495425642902,long_memory_fine_bucket,CS→CS,0-2,1252673
MW,111346.0,115506.83357457895,0.963977598157494,-3.6022401842506047,long_memory_fine_bucket,CS→CS,0-2,1252673
WM,151481.0,164614.62399495931,0.9202159341847934,-7.978406581520659,long_memory_fine_bucket,CS→CS,0-2,1252673
WW,46168.0,65216.79426355569,0.7079158140374818,-29.208418596251818,long_memory_fine_bucket,CS→CS,0-2,1252673
MM,1143569.0,1114782.9395337247,1.0258221214600893,2.582212146008933,long_memory_fine_bucket,CS→CS,11-20,1387671
MW,91656.0,92950.90688889744,0.9860689160306395,-1.3931083969360492,long_memory_fine_bucket,CS→CS,11-20,1387671
WM,108189.0,116028.84155820553,0.9324319587016414,-6.756804129835858,long_memory_fine_bucket,CS→CS,11-20,1387671
WW,44257.0,63908.31201917237,0.692507728677343,-30.7492271322657,long_memory_fine_bucket,CS→CS,11-20,1387671
MM,525218.0,507977.4430254526,1.0339396113179056,3.393961131790557,long_memory_fine_bucket,CS→CS,20+,583588
MW,20190.0,23990.46456163485,0.8415843698286489,-15.841563017135108,long_memory_fine_bucket,CS→CS,20+,583588
WM,21610.0,25978.15021555536,0.831852915649869,-16.814708435013102,long_memory_fine_bucket,CS→CS,20+,583588
WW,16570.0,25641.94219735726,0.6462069008839649,-35.37930991160351,long_memory_fine_bucket,CS→CS,20+,583588
MM,1469955.0,1413207.4673267617,1.0401551321976685,4.015513219766853,long_memory_fine_bucket,CS→CS,3-5,1895325
MW,158075.0,163614.73264657744,0.9661416025502804,-3.3858397449719635,long_memory_fine_bucket,CS→CS,3-5,1895325
WM,203522.0,225453.9566204858,0.902720906081038,-9.727909391896194,long_memory_fine_bucket,CS→CS,3-5,1895325
WW,63773.0,93048.84340617595,0.6853712272555468,-31.462877274445322,long_memory_fine_bucket,CS→CS,3-5,1895325
MM,1519500.0,1467094.6513507185,1.0357204960164181,3.5720496016418135,long_memory_fine_bucket,CS→CS,6-10,1904243
MW,147755.0,149839.50618851229,0.9860884072462853,-1.3911592753714674,long_memory_fine_bucket,CS→CS,6-10,1904243
WM,177398.0,198472.35128146538,0.8938171934508974,-10.618280654910262,long_memory_fine_bucket,CS→CS,6-10,1904243
WW,59590.0,88836.49117930423,0.6707829092408185,-32.92170907591815,long_memory_fine_bucket,CS→CS,6-10,1904243
